Workbook

Sheet Read Me
A1: gammaCore for Chronic Cluster Headache — Cost-Effectiveness (Cost-Minimisation) Model
A3: Replication of the electroCore sponsor submission to NICE, Medical Technology Guidance MT323 ("Supporting documentation – Committee papers"), Section 9 De novo cost analysis, cross-checked against the External Assessment Centre (EAC) report, Section 4.6.
A6: Model overview
A7: This is a 2-state Markov cost-minimisation model (no QALYs — the sponsor did not model health utilities, only NHS resource costs). States are Responder and Non-responder, defined as achieving a threshold reduction in weekly cluster-headache attack frequency vs. baseline. Two arms are compared: gammaCore (nVNS) added to standard-of-care abortive medication, vs. standard of care (SoC) alone. Cycle length is 1 month, time horizon is 12 months, perspective is NHS, and no discounting is applied (consistent with the sponsor's Table C9).
A8: Costs comprise abortive medication (zolmitriptan nasal spray, subcutaneous/nasal sumatriptan, and inhaled oxygen) plus the gammaCore device itself (£625 per 93-day/3-month refill card, with the first 3 months supplied free). All clinical and resource-use parameters are taken from Tables C10–C15 of the sponsor submission.
A10: Sheet guide
A11: • Inputs — every hardcoded parameter (blue font), including the dose table for all five responder definitions (≥25%, ≥40%, ≥50%, ≥65%, and the Morris et al. 2016 "50% using means" approach), unit costs, and four yellow scenario-selector cells that drive the Model sheet.
A12: • Model — a live, fully-formula-driven 12-month trace for the scenario currently selected on the Inputs sheet. Change the yellow selector cells and this sheet (and Results) recalculate automatically.
A13: • Results — headline totals and a cost-by-category breakdown for the current scenario, shown alongside the company's own published figures (Table C16–C18) for direct comparison.
A14: • Scenarios — all 30 combinations of responder definition (5) × response-loss assumption (3) × non-responder use assumption (2) pre-computed side-by-side, reproducing the structure of Table C20. A summary table at the top links to a full 12-month calculation block for each scenario below.
A15: • OWSA — one-way deterministic sensitivity analysis on the ten parameters with the largest impact (cf. Table C19 / the tornado diagram), each varied independently to its published lower/upper bound.
A17: Validation against the published results
... A28: electroCore. Supporting documentation – Committee papers: gammaCore for cluster headache [MT323]. Sponsor submission of evidence, Section 9 (pp. 132–177); and NICE External Assessment Centre report, Section 4.6 (pp. 62–74). Companion R script available on request.

Sheet Inputs
A1: gammaCore for Chronic Cluster Headache — Model INPUTS
A2: All hardcoded inputs (blue) sourced from the electroCore sponsor submission to NICE, Section 9 (Tables C10–C15), unless noted.
A4: 1. UNIT COSTS (NHS Drug Tariff, March 2019 / East of England Priorities Advisory Committee, 2017)
A5: Zolmitriptan nasal — cost per unit (£) | B5: 6.08 | D5: Table C10
A6: Sumatriptan s.c. — cost per unit (£) | B6: 19.75 | D6: Table C10
A7: Sumatriptan nasal — cost per unit (£) | B7: 7.08 | D7: Table C10
A8: Oxygen (static cylinder) — cost per treatment (£) | B8: 0.56 | D8: Table C10; range 0.50–0.63
A9: Oxygen (portable cylinder) — cost per treatment (£) | B9: 0.79 | D9: Table C10; range 0.70–0.88
A10: % of sumatriptan treatments that are s.c. | B10: 0.867 | D10: Table C10; range 66.1%–98.2%
A11: % of oxygen treatments that are portable | B11: 0.5 | D11: Table C10; range 0%–60% (assumption)
A12: Blended sumatriptan unit cost (£) — derived | B12: =B10*B6+(1-B10)*B7 -> 18.06489
A13: Blended oxygen unit cost (£) — derived | B13: =B11*B9+(1-B11)*B8 -> 0.675
A15: 2. GAMMACORE DEVICE PRICING
A16: gammaCore cost per 93-day (3-month) refill (£, ex. VAT) | B16: 625 | D16: Section 9.3.5 — list price
A17: Number of free initial months (activation card) | B17: 3 | D17: Section 9.1.5
A18: Smoothed monthly equivalent cost (£) — derived | B18: =B16/3 -> 208.33333
A20: 3. RESPONSE PROBABILITIES
A21: Probability of response (≥50%) — SoC, month 1 | B21: 0.083 | D21: Table C10; Gaul et al. 2016; range 2.4%–17.5%
A22: Probability of discontinued response per month — initial gCore responders | B22: 0.31 | D22: Table C10; range 16.2%–54.1%
A24: 4. TIME CONVERSION
A25: Average days per month (365.25/12) — converts doses/14 days to doses/month | B25: =365.25/12 -> 30.4375
A27: 5. DOSE TABLE BY RESPONDER DEFINITION (doses per 14 days; Table C10)
A28: Definition | B28: P(response) gCore | C28: Responder zolm | D28: Responder suma | E28: Responder oxy | F28: Non-resp (on Tx) zolm | G28: Non-resp (on Tx) suma | H28: Non-resp (on Tx) oxy | I28: Non-resp (baseline) zolm | J28: Non-resp (baseline) suma | K28: Non-resp (baseline) oxy
A29: 25 | B29: 0.6 | C29: 0.8 | D29: 2.5 | E29: 3.5 | F29: 3.8 | G29: 5.8 | H29: 16.2 | I29: 4.8 | J29: 3.8 | K29: 16.3
A30: 40 | B30: 0.47 | C30: 1 | D30: 3 | E30: 2.8 | F30: 2.5 | G30: 3.7 | H30: 12.2 | I30: 3.3 | J30: 2.9 | K30: 19.3
A31: 50 | B31: 0.4 | C31: 0.6 | D31: 2.5 | E31: 2.2 | F31: 2.5 | G31: 4.1 | H31: 11.2 | I31: 3.8 | J31: 4.5 | K31: 18.6
A32: 65 | B32: 0.24 | C32: 0 | D32: 2 | E32: 0.7 | F32: 2.2 | G32: 3.8 | H32: 9.2 | I32: 3.8 | J32: 5 | K32: 31
A33: 50m | B33: 0.4 | C33: 1.6 | D33: 2.8 | E33: 6.5 | F33: 1.3 | G33: 7.5 | H33: 10.8 | I33: 1.3 | J33: 7.5 | K33: 10.8
A35: 6. STANDARD-OF-CARE NON-RESPONDER DOSE (fixed, doses per 14 days; Table C10)
A36: zolm | B36: suma | C36: oxy
A37: 1.3 | B37: 7.5 | C37: 10.8
A39: 7. SCENARIO SELECTORS (drive the Model sheet — change these to explore scenarios)
A40: Responder definition | B40: 50 | D40: Choose: 25 / 40 / 50 / 65 / 50m
A41: Response-loss assumption | B41: none | D41: Choose: none / constant / diminishing
A42: Non-responder use assumption (post-discontinuation) | B42: soc | D42: Choose: soc / baseline
A43: SoC arm: no initial response scenario? | B43: No | D43: Choose: Yes / No

Sheet Model
A1: gammaCore for Chronic Cluster Headache — MODEL (12-month Markov trace)
A2: Driven by the scenario selectors on the Inputs sheet. All formulas recalculate automatically when those selectors change.
A4: Selected responder definition: | B4: =Inputs!$B$40 -> 50 | D4: P(response) gCore: | E4: =VLOOKUP(Inputs!$B$40,Inputs!$A$29:$K$33,2,FALSE()) -> 0.4
A5: Response-loss assumption: | B5: =Inputs!$B$41 -> none | D5: P(discontinued response)/month: | E5: =Inputs!$B$22 -> 0.31
A6: Non-responder use (post-discontinuation): | B6: =Inputs!$B$42 -> soc | D6: SoC — no initial response scenario: | E6: =Inputs!$B$43 -> No
A8: Cycle | B8: In free trial? | C8: gCore arm responder % | D8: gCore arm monthly cost (£) | E8: SoC arm responder % | F8: SoC arm monthly cost (£)
A9: 1 | B9: =A9<=Inputs!$B$17 -> TRUE | C9: =VLOOKUP(Inputs!$B$40,Inputs!$A$29:$K$33,2,FALSE()) -> 0.4 | D9: =IF(B9,C9*(VLOOKUP(Inputs!$B$40,Inputs!$A$29:$K$33,3,FALSE())*(Inputs!$B$25/14)*Inputs!$B$5+VLOOKUP(Inputs!$B$40,Inputs!$A$29:$K$33,4,FALSE())*(Inputs!$B$25/14)*Inputs!$B$12+VLOOKUP(Inputs!$B$40,Inputs!$A$29:$K$33,5,FALSE())*(Inputs!$B$25/14)*Inputs!$B$13)+(1-C9)*(VLOOKUP(Inputs!$B$40,Inputs!$A$29:$K$33,6,FALSE())*(Inputs!$B$25/14)*Inputs!$B$5+VLOOKUP(Inputs!$B$40,Inputs!$A$29:$K$33,7,FALSE())*(Inputs!$B$25/14)*Inputs!$B$12+VLOOKUP(Inputs!$B$40,Inputs!$A$29:$K$33,8,FALSE())*(Inputs!$B$25/14)*Inputs!$B$13),C9*((VLOOKUP(Inputs!$B$40,Inputs!$A$29:$K$33,3,FALSE())*(Inputs!$B$25/14)*Inputs!$B$5+VLOOKUP(Inputs!$B$40,Inputs!$A$29:$K$33,4,FALSE())*(Inputs!$B$25/14)*Inputs!$B$12+VLOOKUP(Inputs!$B$40,Inputs!$A$29:$K$33,5,FALSE())*(Inputs!$B$25/14)*Inputs!$B$13)+Inputs!$B$18)+(1-C9)*IF(Inputs!$B$42="soc",(INDEX(Inputs!$A$37:$C$37,1,1)*(Inputs!$B$25/14)*Inputs!$B$5+INDEX(Inputs!$A$37:$C$37,1,2)*(Inputs!$B$25/14)*Inputs!$B$12+INDEX(Inputs!$A$37:$C$37,1,3)*(Inputs!$B$25/14)*Inputs!$B$13),(VLOOKUP(Inputs!$B$40,Inputs!$A$29:$K$33,9,FALSE())*(Inputs!$B$25/14)*Inputs!$B$5+VLOOKUP(Inputs!$B$40,Inputs!$A$29:$K$33,10,FALSE())*(Inputs!$B$25/14)*Inputs!$B$12+VLOOKUP(Inputs!$B$40,Inputs!$A$29:$K$33,11,FALSE())*(Inputs!$B$25/14)*Inputs!$B$13))) -> 170.04501 | E9: =IF(Inputs!$B$43="Yes",0,Inputs!$B$21) -> 0.083 | F9: =E9*(VLOOKUP(Inputs!$B$40,Inputs!$A$29:$K$33,3,FALSE())*(Inputs!$B$25/14)*Inputs!$B$5+VLOOKUP(Inputs!$B$40,Inputs!$A$29:$K$33,4,FALSE())*(Inputs!$B$25/14)*Inputs!$B$12+VLOOKUP(Inputs!$B$40,Inputs!$A$29:$K$33,5,FALSE())*(Inputs!$B$25/14)*Inputs!$B$13)+(1-E9)*(INDEX(Inputs!$A$37:$C$37,1,1)*(Inputs!$B$25/14)*Inputs!$B$5+INDEX(Inputs!$A$37:$C$37,1,2)*(Inputs!$B$25/14)*Inputs!$B$12+INDEX(Inputs!$A$37:$C$37,1,3)*(Inputs!$B$25/14)*Inputs!$B$13) -> 309.48129
A10: 2 | B10: =A10<=Inputs!$B$17 -> TRUE | C10: =IF(Inputs!$B$41="none",IF(A10=2,C9*(1-Inputs!$B$22),C9),IF(Inputs!$B$41="constant",C9*(1-Inputs!$B$22),C9*(1-Inputs!$B$22*(0.9^(A10-2))))) -> 0.276 | D10: =IF(B10,C10*(VLOOKUP(Inputs!$B$40,Inputs!$A$29:$K$33,3,FALSE())*(Inputs!$B$25/14)*Inputs!$B$5+VLOOKUP(Inputs!$B$40,Inputs!$A$29:$K$33,4,FALSE())*(Inputs!$B$25/14)*Inputs!$B$12+VLOOKUP(Inputs!$B$40,Inputs!$A$29:$K$33,5,FALSE())*(Inputs!$B$25/14)*Inputs!$B$13)+(1-C10)*(VLOOKUP(Inputs!$B$40,Inputs!$A$29:$K$33,6,FALSE())*(Inputs!$B$25/14)*Inputs!$B$5+VLOOKUP(Inputs!$B$40,Inputs!$A$29:$K$33,7,FALSE())*(Inputs!$B$25/14)*Inputs!$B$12+VLOOKUP(Inputs!$B$40,Inputs!$A$29:$K$33,8,FALSE())*(Inputs!$B$25/14)*Inputs!$B$13),C10*((VLOOKUP(Inputs!$B$40,Inputs!$A$29:$K$33,3,FALSE())*(Inputs!$B$25/14)*Inputs!$B$5+VLOOKUP(Inputs!$B$40,Inputs!$A$29:$K$33,4,FALSE())*(Inputs!$B$25/14)*Inputs!$B$12+VLOOKUP(Inputs!$B$40,Inputs!$A$29:$K$33,5,FALSE())*(Inputs!$B$25/14)*Inputs!$B$13)+Inputs!$B$18)+(1-C10)*IF(Inputs!$B$42="soc",(INDEX(Inputs!$A$37:$C$37,1,1)*(Inputs!$B$25/14)*Inputs!$B$5+INDEX(Inputs!$A$37:$C$37,1,2)*(Inputs!$B$25/14)*Inputs!$B$12+INDEX(Inputs!$A$37:$C$37,1,3)*(Inputs!$B$25/14)*Inputs!$B$13),(VLOOKUP(Inputs!$B$40,Inputs!$A$29:$K$33,9,FALSE())*(Inputs!$B$25/14)*Inputs!$B$5+VLOOKUP(Inputs!$B$40,Inputs!$A$29:$K$33,10,FALSE())*(Inputs!$B$25/14)*Inputs!$B$12+VLOOKUP(Inputs!$B$40,Inputs!$A$29:$K$33,11,FALSE())*(Inputs!$B$25/14)*Inputs!$B$13))) -> 182.58922 | E10: =0 -> 0 | F10: =(INDEX(Inputs!$A$37:$C$37,1,1)*(Inputs!$B$25/14)*Inputs!$B$5+INDEX(Inputs!$A$37:$C$37,1,2)*(Inputs!$B$25/14)*Inputs!$B$12+INDEX(Inputs!$A$37:$C$37,1,3)*(Inputs!$B$25/14)*Inputs!$B$13) -> 327.59593
A11: 3 | B11: =A11<=Inputs!$B$17 -> TRUE | C11: =IF(Inputs!$B$41="none",IF(A11=2,C10*(1-Inputs!$B$22),C10),IF(Inputs!$B$41="constant",C10*(1-Inputs!$B$22),C10*(1-Inputs!$B$22*(0.9^(A11-2))))) -> 0.276 | D11: =IF(B11,C11*(VLOOKUP(Inputs!$B$40,Inputs!$A$29:$K$33,3,FALSE())*(Inputs!$B$25/14)*Inputs!$B$5+VLOOKUP(Inputs!$B$40,Inputs!$A$29:$K$33,4,FALSE())*(Inputs!$B$25/14)*Inputs!$B$12+VLOOKUP(Inputs!$B$40,Inputs!$A$29:$K$33,5,FALSE())*(Inputs!$B$25/14)*Inputs!$B$13)+(1-C11)*(VLOOKUP(Inputs!$B$40,Inputs!$A$29:$K$33,6,FALSE())*(Inputs!$B$25/14)*Inputs!$B$5+VLOOKUP(Inputs!$B$40,Inputs!$A$29:$K$33,7,FALSE())*(Inputs!$B$25/14)*Inputs!$B$12+VLOOKUP(Inputs!$B$40,Inputs!$A$29:$K$33,8,FALSE())*(Inputs!$B$25/14)*Inputs!$B$13),C11*((VLOOKUP(Inputs!$B$40,Inputs!$A$29:$K$33,3,FALSE())*(Inputs!$B$25/14)*Inputs!$B$5+VLOOKUP(Inputs!$B$40,Inputs!$A$29:$K$33,4,FALSE())*(Inputs!$B$25/14)*Inputs!$B$12+VLOOKUP(Inputs!$B$40,Inputs!$A$29:$K$33,5,FALSE())*(Inputs!$B$25/14)*Inputs!$B$13)+Inputs!$B$18)+(1-C11)*IF(Inputs!$B$42="soc",(INDEX(Inputs!$A$37:$C$37,1,1)*(Inputs!$B$25/14)*Inputs!$B$5+INDEX(Inputs!$A$37:$C$37,1,2)*(Inputs!$B$25/14)*Inputs!$B$12+INDEX(Inputs!$A$37:$C$37,1,3)*(Inputs!$B$25/14)*Inputs!$B$13),(VLOOKUP(Inputs!$B$40,Inputs!$A$29:$K$33,9,FALSE())*(Inputs!$B$25/14)*Inputs!$B$5+VLOOKUP(Inputs!$B$40,Inputs!$A$29:$K$33,10,FALSE())*(Inputs!$B$25/14)*Inputs!$B$12+VLOOKUP(Inputs!$B$40,Inputs!$A$29:$K$33,11,FALSE())*(Inputs!$B$25/14)*Inputs!$B$13))) -> 182.58922 | E11: =0 -> 0 | F11: =(INDEX(Inputs!$A$37:$C$37,1,1)*(Inputs!$B$25/14)*Inputs!$B$5+INDEX(Inputs!$A$37:$C$37,1,2)*(Inputs!$B$25/14)*Inputs!$B$12+INDEX(Inputs!$A$37:$C$37,1,3)*(Inputs!$B$25/14)*Inputs!$B$13) -> 327.59593
A12: 4 | B12: =A12<=Inputs!$B$17 -> FALSE | C12: =IF(Inputs!$B$41="none",IF(A12=2,C11*(1-Inputs!$B$22),C11),IF(Inputs!$B$41="constant",C11*(1-Inputs!$B$22),C11*(1-Inputs!$B$22*(0.9^(A12-2))))) -> 0.276 | D12: =IF(B12,C12*(VLOOKUP(Inputs!$B$40,Inputs!$A$29:$K$33,3,FALSE())*(Inputs!$B$25/14)*Inputs!$B$5+VLOOKUP(Inputs!$B$40,Inputs!$A$29:$K$33,4,FALSE())*(Inputs!$B$25/14)*Inputs!$B$12+VLOOKUP(Inputs!$B$40,Inputs!$A$29:$K$33,5,FALSE())*(Inputs!$B$25/14)*Inputs!$B$13)+(1-C12)*(VLOOKUP(Inputs!$B$40,Inputs!$A$29:$K$33,6,FALSE())*(Inputs!$B$25/14)*Inputs!$B$5+VLOOKUP(Inputs!$B$40,Inputs!$A$29:$K$33,7,FALSE())*(Inputs!$B$25/14)*Inputs!$B$12+VLOOKUP(Inputs!$B$40,Inputs!$A$29:$K$33,8,FALSE())*(Inputs!$B$25/14)*Inputs!$B$13),C12*((VLOOKUP(Inputs!$B$40,Inputs!$A$29:$K$33,3,FALSE())*(Inputs!$B$25/14)*Inputs!$B$5+VLOOKUP(Inputs!$B$40,Inputs!$A$29:$K$33,4,FALSE())*(Inputs!$B$25/14)*Inputs!$B$12+VLOOKUP(Inputs!$B$40,Inputs!$A$29:$K$33,5,FALSE())*(Inputs!$B$25/14)*Inputs!$B$13)+Inputs!$B$18)+(1-C12)*IF(Inputs!$B$42="soc",(INDEX(Inputs!$A$37:$C$37,1,1)*(Inputs!$B$25/14)*Inputs!$B$5+INDEX(Inputs!$A$37:$C$37,1,2)*(Inputs!$B$25/14)*Inputs!$B$12+INDEX(Inputs!$A$37:$C$37,1,3)*(Inputs!$B$25/14)*Inputs!$B$13),(VLOOKUP(Inputs!$B$40,Inputs!$A$29:$K$33,9,FALSE())*(Inputs!$B$25/14)*Inputs!$B$5+VLOOKUP(Inputs!$B$40,Inputs!$A$29:$K$33,10,FALSE())*(Inputs!$B$25/14)*Inputs!$B$12+VLOOKUP(Inputs!$B$40,Inputs!$A$29:$K$33,11,FALSE())*(Inputs!$B$25/14)*Inputs!$B$13))) -> 324.85928 | E12: =0 -> 0 | F12: =(INDEX(Inputs!$A$37:$C$37,1,1)*(Inputs!$B$25/14)*Inputs!$B$5+INDEX(Inputs!$A$37:$C$37,1,2)*(Inputs!$B$25/14)*Inputs!$B$12+INDEX(Inputs!$A$37:$C$37,1,3)*(Inputs!$B$25/14)*Inputs!$B$13) -> 327.59593
A13: 5 | B13: =A13<=Inputs!$B$17 -> FALSE | C13: =IF(Inputs!$B$41="none",IF(A13=2,C12*(1-Inputs!$B$22),C12),IF(Inputs!$B$41="constant",C12*(1-Inputs!$B$22),C12*(1-Inputs!$B$22*(0.9^(A13-2))))) -> 0.276 | D13: =IF(B13,C13*(VLOOKUP(Inputs!$B$40,Inputs!$A$29:$K$33,3,FALSE())*(Inputs!$B$25/14)*Inputs!$B$5+VLOOKUP(Inputs!$B$40,Inputs!$A$29:$K$33,4,FALSE())*(Inputs!$B$25/14)*Inputs!$B$12+VLOOKUP(Inputs!$B$40,Inputs!$A$29:$K$33,5,FALSE())*(Inputs!$B$25/14)*Inputs!$B$13)+(1-C13)*(VLOOKUP(Inputs!$B$40,Inputs!$A$29:$K$33,6,FALSE())*(Inputs!$B$25/14)*Inputs!$B$5+VLOOKUP(Inputs!$B$40,Inputs!$A$29:$K$33,7,FALSE())*(Inputs!$B$25/14)*Inputs!$B$12+VLOOKUP(Inputs!$B$40,Inputs!$A$29:$K$33,8,FALSE())*(Inputs!$B$25/14)*Inputs!$B$13),C13*((VLOOKUP(Inputs!$B$40,Inputs!$A$29:$K$33,3,FALSE())*(Inputs!$B$25/14)*Inputs!$B$5+VLOOKUP(Inputs!$B$40,Inputs!$A$29:$K$33,4,FALSE())*(Inputs!$B$25/14)*Inputs!$B$12+VLOOKUP(Inputs!$B$40,Inputs!$A$29:$K$33,5,FALSE())*(Inputs!$B$25/14)*Inputs!$B$13)+Inputs!$B$18)+(1-C13)*IF(Inputs!$B$42="soc",(INDEX(Inputs!$A$37:$C$37,1,1)*(Inputs!$B$25/14)*Inputs!$B$5+INDEX(Inputs!$A$37:$C$37,1,2)*(Inputs!$B$25/14)*Inputs!$B$12+INDEX(Inputs!$A$37:$C$37,1,3)*(Inputs!$B$25/14)*Inputs!$B$13),(VLOOKUP(Inputs!$B$40,Inputs!$A$29:$K$33,9,FALSE())*(Inputs!$B$25/14)*Inputs!$B$5+VLOOKUP(Inputs!$B$40,Inputs!$A$29:$K$33,10,FALSE())*(Inputs!$B$25/14)*Inputs!$B$12+VLOOKUP(Inputs!$B$40,Inputs!$A$29:$K$33,11,FALSE())*(Inputs!$B$25/14)*Inputs!$B$13))) -> 324.85928 | E13: =0 -> 0 | F13: =(INDEX(Inputs!$A$37:$C$37,1,1)*(Inputs!$B$25/14)*Inputs!$B$5+INDEX(Inputs!$A$37:$C$37,1,2)*(Inputs!$B$25/14)*Inputs!$B$12+INDEX(Inputs!$A$37:$C$37,1,3)*(Inputs!$B$25/14)*Inputs!$B$13) -> 327.59593
A14: 6 | B14: =A14<=Inputs!$B$17 -> FALSE | C14: =IF(Inputs!$B$41="none",IF(A14=2,C13*(1-Inputs!$B$22),C13),IF(Inputs!$B$41="constant",C13*(1-Inputs!$B$22),C13*(1-Inputs!$B$22*(0.9^(A14-2))))) -> 0.276 | D14: =IF(B14,C14*(VLOOKUP(Inputs!$B$40,Inputs!$A$29:$K$33,3,FALSE())*(Inputs!$B$25/14)*Inputs!$B$5+VLOOKUP(Inputs!$B$40,Inputs!$A$29:$K$33,4,FALSE())*(Inputs!$B$25/14)*Inputs!$B$12+VLOOKUP(Inputs!$B$40,Inputs!$A$29:$K$33,5,FALSE())*(Inputs!$B$25/14)*Inputs!$B$13)+(1-C14)*(VLOOKUP(Inputs!$B$40,Inputs!$A$29:$K$33,6,FALSE())*(Inputs!$B$25/14)*Inputs!$B$5+VLOOKUP(Inputs!$B$40,Inputs!$A$29:$K$33,7,FALSE())*(Inputs!$B$25/14)*Inputs!$B$12+VLOOKUP(Inputs!$B$40,Inputs!$A$29:$K$33,8,FALSE())*(Inputs!$B$25/14)*Inputs!$B$13),C14*((VLOOKUP(Inputs!$B$40,Inputs!$A$29:$K$33,3,FALSE())*(Inputs!$B$25/14)*Inputs!$B$5+VLOOKUP(Inputs!$B$40,Inputs!$A$29:$K$33,4,FALSE())*(Inputs!$B$25/14)*Inputs!$B$12+VLOOKUP(Inputs!$B$40,Inputs!$A$29:$K$33,5,FALSE())*(Inputs!$B$25/14)*Inputs!$B$13)+Inputs!$B$18)+(1-C14)*IF(Inputs!$B$42="soc",(INDEX(Inputs!$A$37:$C$37,1,1)*(Inputs!$B$25/14)*Inputs!$B$5+INDEX(Inputs!$A$37:$C$37,1,2)*(Inputs!$B$25/14)*Inputs!$B$12+INDEX(Inputs!$A$37:$C$37,1,3)*(Inputs!$B$25/14)*Inputs!$B$13),(VLOOKUP(Inputs!$B$40,Inputs!$A$29:$K$33,9,FALSE())*(Inputs!$B$25/14)*Inputs!$B$5+VLOOKUP(Inputs!$B$40,Inputs!$A$29:$K$33,10,FALSE())*(Inputs!$B$25/14)*Inputs!$B$12+VLOOKUP(Inputs!$B$40,Inputs!$A$29:$K$33,11,FALSE())*(Inputs!$B$25/14)*Inputs!$B$13))) -> 324.85928 | E14: =0 -> 0 | F14: =(INDEX(Inputs!$A$37:$C$37,1,1)*(Inputs!$B$25/14)*Inputs!$B$5+INDEX(Inputs!$A$37:$C$37,1,2)*(Inputs!$B$25/14)*Inputs!$B$12+INDEX(Inputs!$A$37:$C$37,1,3)*(Inputs!$B$25/14)*Inputs!$B$13) -> 327.59593
A15: 7 | B15: =A15<=Inputs!$B$17 -> FALSE | C15: =IF(Inputs!$B$41="none",IF(A15=2,C14*(1-Inputs!$B$22),C14),IF(Inputs!$B$41="constant",C14*(1-Inputs!$B$22),C14*(1-Inputs!$B$22*(0.9^(A15-2))))) -> 0.276 | D15: =IF(B15,C15*(VLOOKUP(Inputs!$B$40,Inputs!$A$29:$K$33,3,FALSE())*(Inputs!$B$25/14)*Inputs!$B$5+VLOOKUP(Inputs!$B$40,Inputs!$A$29:$K$33,4,FALSE())*(Inputs!$B$25/14)*Inputs!$B$12+VLOOKUP(Inputs!$B$40,Inputs!$A$29:$K$33,5,FALSE())*(Inputs!$B$25/14)*Inputs!$B$13)+(1-C15)*(VLOOKUP(Inputs!$B$40,Inputs!$A$29:$K$33,6,FALSE())*(Inputs!$B$25/14)*Inputs!$B$5+VLOOKUP(Inputs!$B$40,Inputs!$A$29:$K$33,7,FALSE())*(Inputs!$B$25/14)*Inputs!$B$12+VLOOKUP(Inputs!$B$40,Inputs!$A$29:$K$33,8,FALSE())*(Inputs!$B$25/14)*Inputs!$B$13),C15*((VLOOKUP(Inputs!$B$40,Inputs!$A$29:$K$33,3,FALSE())*(Inputs!$B$25/14)*Inputs!$B$5+VLOOKUP(Inputs!$B$40,Inputs!$A$29:$K$33,4,FALSE())*(Inputs!$B$25/14)*Inputs!$B$12+VLOOKUP(Inputs!$B$40,Inputs!$A$29:$K$33,5,FALSE())*(Inputs!$B$25/14)*Inputs!$B$13)+Inputs!$B$18)+(1-C15)*IF(Inputs!$B$42="soc",(INDEX(Inputs!$A$37:$C$37,1,1)*(Inputs!$B$25/14)*Inputs!$B$5+INDEX(Inputs!$A$37:$C$37,1,2)*(Inputs!$B$25/14)*Inputs!$B$12+INDEX(Inputs!$A$37:$C$37,1,3)*(Inputs!$B$25/14)*Inputs!$B$13),(VLOOKUP(Inputs!$B$40,Inputs!$A$29:$K$33,9,FALSE())*(Inputs!$B$25/14)*Inputs!$B$5+VLOOKUP(Inputs!$B$40,Inputs!$A$29:$K$33,10,FALSE())*(Inputs!$B$25/14)*Inputs!$B$12+VLOOKUP(Inputs!$B$40,Inputs!$A$29:$K$33,11,FALSE())*(Inputs!$B$25/14)*Inputs!$B$13))) -> 324.85928 | E15: =0 -> 0 | F15: =(INDEX(Inputs!$A$37:$C$37,1,1)*(Inputs!$B$25/14)*Inputs!$B$5+INDEX(Inputs!$A$37:$C$37,1,2)*(Inputs!$B$25/14)*Inputs!$B$12+INDEX(Inputs!$A$37:$C$37,1,3)*(Inputs!$B$25/14)*Inputs!$B$13) -> 327.59593
A16: 8 | B16: =A16<=Inputs!$B$17 -> FALSE | C16: =IF(Inputs!$B$41="none",IF(A16=2,C15*(1-Inputs!$B$22),C15),IF(Inputs!$B$41="constant",C15*(1-Inputs!$B$22),C15*(1-Inputs!$B$22*(0.9^(A16-2))))) -> 0.276 | D16: =IF(B16,C16*(VLOOKUP(Inputs!$B$40,Inputs!$A$29:$K$33,3,FALSE())*(Inputs!$B$25/14)*Inputs!$B$5+VLOOKUP(Inputs!$B$40,Inputs!$A$29:$K$33,4,FALSE())*(Inputs!$B$25/14)*Inputs!$B$12+VLOOKUP(Inputs!$B$40,Inputs!$A$29:$K$33,5,FALSE())*(Inputs!$B$25/14)*Inputs!$B$13)+(1-C16)*(VLOOKUP(Inputs!$B$40,Inputs!$A$29:$K$33,6,FALSE())*(Inputs!$B$25/14)*Inputs!$B$5+VLOOKUP(Inputs!$B$40,Inputs!$A$29:$K$33,7,FALSE())*(Inputs!$B$25/14)*Inputs!$B$12+VLOOKUP(Inputs!$B$40,Inputs!$A$29:$K$33,8,FALSE())*(Inputs!$B$25/14)*Inputs!$B$13),C16*((VLOOKUP(Inputs!$B$40,Inputs!$A$29:$K$33,3,FALSE())*(Inputs!$B$25/14)*Inputs!$B$5+VLOOKUP(Inputs!$B$40,Inputs!$A$29:$K$33,4,FALSE())*(Inputs!$B$25/14)*Inputs!$B$12+VLOOKUP(Inputs!$B$40,Inputs!$A$29:$K$33,5,FALSE())*(Inputs!$B$25/14)*Inputs!$B$13)+Inputs!$B$18)+(1-C16)*IF(Inputs!$B$42="soc",(INDEX(Inputs!$A$37:$C$37,1,1)*(Inputs!$B$25/14)*Inputs!$B$5+INDEX(Inputs!$A$37:$C$37,1,2)*(Inputs!$B$25/14)*Inputs!$B$12+INDEX(Inputs!$A$37:$C$37,1,3)*(Inputs!$B$25/14)*Inputs!$B$13),(VLOOKUP(Inputs!$B$40,Inputs!$A$29:$K$33,9,FALSE())*(Inputs!$B$25/14)*Inputs!$B$5+VLOOKUP(Inputs!$B$40,Inputs!$A$29:$K$33,10,FALSE())*(Inputs!$B$25/14)*Inputs!$B$12+VLOOKUP(Inputs!$B$40,Inputs!$A$29:$K$33,11,FALSE())*(Inputs!$B$25/14)*Inputs!$B$13))) -> 324.85928 | E16: =0 -> 0 | F16: =(INDEX(Inputs!$A$37:$C$37,1,1)*(Inputs!$B$25/14)*Inputs!$B$5+INDEX(Inputs!$A$37:$C$37,1,2)*(Inputs!$B$25/14)*Inputs!$B$12+INDEX(Inputs!$A$37:$C$37,1,3)*(Inputs!$B$25/14)*Inputs!$B$13) -> 327.59593
A17: 9 | B17: =A17<=Inputs!$B$17 -> FALSE | C17: =IF(Inputs!$B$41="none",IF(A17=2,C16*(1-Inputs!$B$22),C16),IF(Inputs!$B$41="constant",C16*(1-Inputs!$B$22),C16*(1-Inputs!$B$22*(0.9^(A17-2))))) -> 0.276 | D17: =IF(B17,C17*(VLOOKUP(Inputs!$B$40,Inputs!$A$29:$K$33,3,FALSE())*(Inputs!$B$25/14)*Inputs!$B$5+VLOOKUP(Inputs!$B$40,Inputs!$A$29:$K$33,4,FALSE())*(Inputs!$B$25/14)*Inputs!$B$12+VLOOKUP(Inputs!$B$40,Inputs!$A$29:$K$33,5,FALSE())*(Inputs!$B$25/14)*Inputs!$B$13)+(1-C17)*(VLOOKUP(Inputs!$B$40,Inputs!$A$29:$K$33,6,FALSE())*(Inputs!$B$25/14)*Inputs!$B$5+VLOOKUP(Inputs!$B$40,Inputs!$A$29:$K$33,7,FALSE())*(Inputs!$B$25/14)*Inputs!$B$12+VLOOKUP(Inputs!$B$40,Inputs!$A$29:$K$33,8,FALSE())*(Inputs!$B$25/14)*Inputs!$B$13),C17*((VLOOKUP(Inputs!$B$40,Inputs!$A$29:$K$33,3,FALSE())*(Inputs!$B$25/14)*Inputs!$B$5+VLOOKUP(Inputs!$B$40,Inputs!$A$29:$K$33,4,FALSE())*(Inputs!$B$25/14)*Inputs!$B$12+VLOOKUP(Inputs!$B$40,Inputs!$A$29:$K$33,5,FALSE())*(Inputs!$B$25/14)*Inputs!$B$13)+Inputs!$B$18)+(1-C17)*IF(Inputs!$B$42="soc",(INDEX(Inputs!$A$37:$C$37,1,1)*(Inputs!$B$25/14)*Inputs!$B$5+INDEX(Inputs!$A$37:$C$37,1,2)*(Inputs!$B$25/14)*Inputs!$B$12+INDEX(Inputs!$A$37:$C$37,1,3)*(Inputs!$B$25/14)*Inputs!$B$13),(VLOOKUP(Inputs!$B$40,Inputs!$A$29:$K$33,9,FALSE())*(Inputs!$B$25/14)*Inputs!$B$5+VLOOKUP(Inputs!$B$40,Inputs!$A$29:$K$33,10,FALSE())*(Inputs!$B$25/14)*Inputs!$B$12+VLOOKUP(Inputs!$B$40,Inputs!$A$29:$K$33,11,FALSE())*(Inputs!$B$25/14)*Inputs!$B$13))) -> 324.85928 | E17: =0 -> 0 | F17: =(INDEX(Inputs!$A$37:$C$37,1,1)*(Inputs!$B$25/14)*Inputs!$B$5+INDEX(Inputs!$A$37:$C$37,1,2)*(Inputs!$B$25/14)*Inputs!$B$12+INDEX(Inputs!$A$37:$C$37,1,3)*(Inputs!$B$25/14)*Inputs!$B$13) -> 327.59593
A18: 10 | B18: =A18<=Inputs!$B$17 -> FALSE | C18: =IF(Inputs!$B$41="none",IF(A18=2,C17*(1-Inputs!$B$22),C17),IF(Inputs!$B$41="constant",C17*(1-Inputs!$B$22),C17*(1-Inputs!$B$22*(0.9^(A18-2))))) -> 0.276 | D18: =IF(B18,C18*(VLOOKUP(Inputs!$B$40,Inputs!$A$29:$K$33,3,FALSE())*(Inputs!$B$25/14)*Inputs!$B$5+VLOOKUP(Inputs!$B$40,Inputs!$A$29:$K$33,4,FALSE())*(Inputs!$B$25/14)*Inputs!$B$12+VLOOKUP(Inputs!$B$40,Inputs!$A$29:$K$33,5,FALSE())*(Inputs!$B$25/14)*Inputs!$B$13)+(1-C18)*(VLOOKUP(Inputs!$B$40,Inputs!$A$29:$K$33,6,FALSE())*(Inputs!$B$25/14)*Inputs!$B$5+VLOOKUP(Inputs!$B$40,Inputs!$A$29:$K$33,7,FALSE())*(Inputs!$B$25/14)*Inputs!$B$12+VLOOKUP(Inputs!$B$40,Inputs!$A$29:$K$33,8,FALSE())*(Inputs!$B$25/14)*Inputs!$B$13),C18*((VLOOKUP(Inputs!$B$40,Inputs!$A$29:$K$33,3,FALSE())*(Inputs!$B$25/14)*Inputs!$B$5+VLOOKUP(Inputs!$B$40,Inputs!$A$29:$K$33,4,FALSE())*(Inputs!$B$25/14)*Inputs!$B$12+VLOOKUP(Inputs!$B$40,Inputs!$A$29:$K$33,5,FALSE())*(Inputs!$B$25/14)*Inputs!$B$13)+Inputs!$B$18)+(1-C18)*IF(Inputs!$B$42="soc",(INDEX(Inputs!$A$37:$C$37,1,1)*(Inputs!$B$25/14)*Inputs!$B$5+INDEX(Inputs!$A$37:$C$37,1,2)*(Inputs!$B$25/14)*Inputs!$B$12+INDEX(Inputs!$A$37:$C$37,1,3)*(Inputs!$B$25/14)*Inputs!$B$13),(VLOOKUP(Inputs!$B$40,Inputs!$A$29:$K$33,9,FALSE())*(Inputs!$B$25/14)*Inputs!$B$5+VLOOKUP(Inputs!$B$40,Inputs!$A$29:$K$33,10,FALSE())*(Inputs!$B$25/14)*Inputs!$B$12+VLOOKUP(Inputs!$B$40,Inputs!$A$29:$K$33,11,FALSE())*(Inputs!$B$25/14)*Inputs!$B$13))) -> 324.85928 | E18: =0 -> 0 | F18: =(INDEX(Inputs!$A$37:$C$37,1,1)*(Inputs!$B$25/14)*Inputs!$B$5+INDEX(Inputs!$A$37:$C$37,1,2)*(Inputs!$B$25/14)*Inputs!$B$12+INDEX(Inputs!$A$37:$C$37,1,3)*(Inputs!$B$25/14)*Inputs!$B$13) -> 327.59593
A19: 11 | B19: =A19<=Inputs!$B$17 -> FALSE | C19: =IF(Inputs!$B$41="none",IF(A19=2,C18*(1-Inputs!$B$22),C18),IF(Inputs!$B$41="constant",C18*(1-Inputs!$B$22),C18*(1-Inputs!$B$22*(0.9^(A19-2))))) -> 0.276 | D19: =IF(B19,C19*(VLOOKUP(Inputs!$B$40,Inputs!$A$29:$K$33,3,FALSE())*(Inputs!$B$25/14)*Inputs!$B$5+VLOOKUP(Inputs!$B$40,Inputs!$A$29:$K$33,4,FALSE())*(Inputs!$B$25/14)*Inputs!$B$12+VLOOKUP(Inputs!$B$40,Inputs!$A$29:$K$33,5,FALSE())*(Inputs!$B$25/14)*Inputs!$B$13)+(1-C19)*(VLOOKUP(Inputs!$B$40,Inputs!$A$29:$K$33,6,FALSE())*(Inputs!$B$25/14)*Inputs!$B$5+VLOOKUP(Inputs!$B$40,Inputs!$A$29:$K$33,7,FALSE())*(Inputs!$B$25/14)*Inputs!$B$12+VLOOKUP(Inputs!$B$40,Inputs!$A$29:$K$33,8,FALSE())*(Inputs!$B$25/14)*Inputs!$B$13),C19*((VLOOKUP(Inputs!$B$40,Inputs!$A$29:$K$33,3,FALSE())*(Inputs!$B$25/14)*Inputs!$B$5+VLOOKUP(Inputs!$B$40,Inputs!$A$29:$K$33,4,FALSE())*(Inputs!$B$25/14)*Inputs!$B$12+VLOOKUP(Inputs!$B$40,Inputs!$A$29:$K$33,5,FALSE())*(Inputs!$B$25/14)*Inputs!$B$13)+Inputs!$B$18)+(1-C19)*IF(Inputs!$B$42="soc",(INDEX(Inputs!$A$37:$C$37,1,1)*(Inputs!$B$25/14)*Inputs!$B$5+INDEX(Inputs!$A$37:$C$37,1,2)*(Inputs!$B$25/14)*Inputs!$B$12+INDEX(Inputs!$A$37:$C$37,1,3)*(Inputs!$B$25/14)*Inputs!$B$13),(VLOOKUP(Inputs!$B$40,Inputs!$A$29:$K$33,9,FALSE())*(Inputs!$B$25/14)*Inputs!$B$5+VLOOKUP(Inputs!$B$40,Inputs!$A$29:$K$33,10,FALSE())*(Inputs!$B$25/14)*Inputs!$B$12+VLOOKUP(Inputs!$B$40,Inputs!$A$29:$K$33,11,FALSE())*(Inputs!$B$25/14)*Inputs!$B$13))) -> 324.85928 | E19: =0 -> 0 | F19: =(INDEX(Inputs!$A$37:$C$37,1,1)*(Inputs!$B$25/14)*Inputs!$B$5+INDEX(Inputs!$A$37:$C$37,1,2)*(Inputs!$B$25/14)*Inputs!$B$12+INDEX(Inputs!$A$37:$C$37,1,3)*(Inputs!$B$25/14)*Inputs!$B$13) -> 327.59593
A20: 12 | B20: =A20<=Inputs!$B$17 -> FALSE | C20: =IF(Inputs!$B$41="none",IF(A20=2,C19*(1-Inputs!$B$22),C19),IF(Inputs!$B$41="constant",C19*(1-Inputs!$B$22),C19*(1-Inputs!$B$22*(0.9^(A20-2))))) -> 0.276 | D20: =IF(B20,C20*(VLOOKUP(Inputs!$B$40,Inputs!$A$29:$K$33,3,FALSE())*(Inputs!$B$25/14)*Inputs!$B$5+VLOOKUP(Inputs!$B$40,Inputs!$A$29:$K$33,4,FALSE())*(Inputs!$B$25/14)*Inputs!$B$12+VLOOKUP(Inputs!$B$40,Inputs!$A$29:$K$33,5,FALSE())*(Inputs!$B$25/14)*Inputs!$B$13)+(1-C20)*(VLOOKUP(Inputs!$B$40,Inputs!$A$29:$K$33,6,FALSE())*(Inputs!$B$25/14)*Inputs!$B$5+VLOOKUP(Inputs!$B$40,Inputs!$A$29:$K$33,7,FALSE())*(Inputs!$B$25/14)*Inputs!$B$12+VLOOKUP(Inputs!$B$40,Inputs!$A$29:$K$33,8,FALSE())*(Inputs!$B$25/14)*Inputs!$B$13),C20*((VLOOKUP(Inputs!$B$40,Inputs!$A$29:$K$33,3,FALSE())*(Inputs!$B$25/14)*Inputs!$B$5+VLOOKUP(Inputs!$B$40,Inputs!$A$29:$K$33,4,FALSE())*(Inputs!$B$25/14)*Inputs!$B$12+VLOOKUP(Inputs!$B$40,Inputs!$A$29:$K$33,5,FALSE())*(Inputs!$B$25/14)*Inputs!$B$13)+Inputs!$B$18)+(1-C20)*IF(Inputs!$B$42="soc",(INDEX(Inputs!$A$37:$C$37,1,1)*(Inputs!$B$25/14)*Inputs!$B$5+INDEX(Inputs!$A$37:$C$37,1,2)*(Inputs!$B$25/14)*Inputs!$B$12+INDEX(Inputs!$A$37:$C$37,1,3)*(Inputs!$B$25/14)*Inputs!$B$13),(VLOOKUP(Inputs!$B$40,Inputs!$A$29:$K$33,9,FALSE())*(Inputs!$B$25/14)*Inputs!$B$5+VLOOKUP(Inputs!$B$40,Inputs!$A$29:$K$33,10,FALSE())*(Inputs!$B$25/14)*Inputs!$B$12+VLOOKUP(Inputs!$B$40,Inputs!$A$29:$K$33,11,FALSE())*(Inputs!$B$25/14)*Inputs!$B$13))) -> 324.85928 | E20: =0 -> 0 | F20: =(INDEX(Inputs!$A$37:$C$37,1,1)*(Inputs!$B$25/14)*Inputs!$B$5+INDEX(Inputs!$A$37:$C$37,1,2)*(Inputs!$B$25/14)*Inputs!$B$12+INDEX(Inputs!$A$37:$C$37,1,3)*(Inputs!$B$25/14)*Inputs!$B$13) -> 327.59593
A22: TOTAL (12 months) | D22: =SUM(D9:D20) -> 3458.957 | F22: =SUM(F9:F20) -> 3913.0365
A23: Difference (gCore + SoC minus SoC) | D23: =D22-F22 -> -454.07954

Sheet Results
A1: gammaCore for Chronic Cluster Headache — RESULTS
A2: Live results for the scenario currently selected on the Inputs sheet, validated against the company-reported base case (Table C16–C18).
A4: HEADLINE RESULTS (Table C16)
B5: gammaCore + SoC (£) | C5: SoC alone (£) | D5: Difference (£) | E5: Notes
A6: Model result (current scenario) | B6: =Model!D22 -> 3458.957 | C6: =Model!F22 -> 3913.0365 | D6: =B6-C6 -> -454.07954
A7: Company-reported base case | B7: 3448.45 | C7: 3898.86 | D7: -450.42 | E7: Source: Sponsor submission, Table C16 (base case: 50% definition, no response loss, SoC non-responder use)
A8: Difference vs. company-reported (this replication) | D8: =B6-B7 -> 10.506997 | E8: Only exact when Inputs selectors = 50 / none / soc / No (base case). Small residual gap (~1%) is due to 2–3 sig-fig rounding of doses in the published Table C10.
A10: COST BY CATEGORY, CURRENT SCENARIO (cf. Table C17)
A11: Item | B11: gammaCore + SoC (£) | C11: SoC (£) | D11: Increment (£) | E11: Company-reported (base case only)
A12: gammaCore device | B12: =IF(Model!B9,0,Model!C9*Inputs!$B$18)+IF(Model!B10,0,Model!C10*Inputs!$B$18)+IF(Model!B11,0,Model!C11*Inputs!$B$18)+IF(Model!B12,0,Model!C12*Inputs!$B$18)+IF(Model!B13,0,Model!C13*Inputs!$B$18)+IF(Model!B14,0,Model!C14*Inputs!$B$18)+IF(Model!B15,0,Model!C15*Inputs!$B$18)+IF(Model!B16,0,Model!C16*Inputs!$B$18)+IF(Model!B17,0,Model!C17*Inputs!$B$18)+IF(Model!B18,0,Model!C18*Inputs!$B$18)+IF(Model!B19,0,Model!C19*Inputs!$B$18)+IF(Model!B20,0,Model!C20*Inputs!$B$18) -> 517.5 | C12: 0 | D12: =B12-C12 -> 517.5 | E12: GC device only
A13: Zolmitriptan | B13: =IF(Model!B9,Model!C9*(VLOOKUP(Inputs!$B$40,Inputs!$A$29:$K$33,3,FALSE())*(Inputs!$B$25/14)*Inputs!$B$5)+(1-Model!C9)*(VLOOKUP(Inputs!$B$40,Inputs!$A$29:$K$33,6,FALSE())*(Inputs!$B$25/14)*Inputs!$B$5),Model!C9*(VLOOKUP(Inputs!$B$40,Inputs!$A$29:$K$33,3,FALSE())*(Inputs!$B$25/14)*Inputs!$B$5)+(1-Model!C9)*(IF(Inputs!$B$42="soc",INDEX(Inputs!$A$37:$C$37,1,1)*(Inputs!$B$25/14)*Inputs!$B$5,VLOOKUP(Inputs!$B$40,Inputs!$A$29:$K$33,9,FALSE())*(Inputs!$B$25/14)*Inputs!$B$5)))+IF(Model!B10,Model!C10*(VLOOKUP(Inputs!$B$40,Inputs!$A$29:$K$33,3,FALSE())*(Inputs!$B$25/14)*Inputs!$B$5)+(1-Model!C10)*(VLOOKUP(Inputs!$B$40,Inputs!$A$29:$K$33,6,FALSE())*(Inputs!$B$25/14)*Inputs!$B$5),Model!C10*(VLOOKUP(Inputs!$B$40,Inputs!$A$29:$K$33,3,FALSE())*(Inputs!$B$25/14)*Inputs!$B$5)+(1-Model!C10)*(IF(Inputs!$B$42="soc",INDEX(Inputs!$A$37:$C$37,1,1)*(Inputs!$B$25/14)*Inputs!$B$5,VLOOKUP(Inputs!$B$40,Inputs!$A$29:$K$33,9,FALSE())*(Inputs!$B$25/14)*Inputs!$B$5)))+IF(Model!B11,Model!C11*(VLOOKUP(Inputs!$B$40,Inputs!$A$29:$K$33,3,FALSE())*(Inputs!$B$25/14)*Inputs!$B$5)+(1-Model!C11)*(VLOOKUP(Inputs!$B$40,Inputs!$A$29:$K$33,6,FALSE())*(Inputs!$B$25/14)*Inputs!$B$5),Model!C11*(VLOOKUP(Inputs!$B$40,Inputs!$A$29:$K$33,3,FALSE())*(Inputs!$B$25/14)*Inputs!$B$5)+(1-Model!C11)*(IF(Inputs!$B$42="soc",INDEX(Inputs!$A$37:$C$37,1,1)*(Inputs!$B$25/14)*Inputs!$B$5,VLOOKUP(Inputs!$B$40,Inputs!$A$29:$K$33,9,FALSE())*(Inputs!$B$25/14)*Inputs!$B$5)))+IF(Model!B12,Model!C12*(VLOOKUP(Inputs!$B$40,Inputs!$A$29:$K$33,3,FALSE())*(Inputs!$B$25/14)*Inputs!$B$5)+(1-Model!C12)*(VLOOKUP(Inputs!$B$40,Inputs!$A$29:$K$33,6,FALSE())*(Inputs!$B$25/14)*Inputs!$B$5),Model!C12*(VLOOKUP(Inputs!$B$40,Inputs!$A$29:$K$33,3,FALSE())*(Inputs!$B$25/14)*Inputs!$B$5)+(1-Model!C12)*(IF(Inputs!$B$42="soc",INDEX(Inputs!$A$37:$C$37,1,1)*(Inputs!$B$25/14)*Inputs!$B$5,VLOOKUP(Inputs!$B$40,Inputs!$A$29:$K$33,9,FALSE())*(Inputs!$B$25/14)*Inputs!$B$5)))+IF(Model!B13,Model!C13*(VLOOKUP(Inputs!$B$40,Inputs!$A$29:$K$33,3,FALSE())*(Inputs!$B$25/14)*Inputs!$B$5)+(1-Model!C13)*(VLOOKUP(Inputs!$B$40,Inputs!$A$29:$K$33,6,FALSE())*(Inputs!$B$25/14)*Inputs!$B$5),Model!C13*(VLOOKUP(Inputs!$B$40,Inputs!$A$29:$K$33,3,FALSE())*(Inputs!$B$25/14)*Inputs!$B$5)+(1-Model!C13)*(IF(Inputs!$B$42="soc",INDEX(Inputs!$A$37:$C$37,1,1)*(Inputs!$B$25/14)*Inputs!$B$5,VLOOKUP(Inputs!$B$40,Inputs!$A$29:$K$33,9,FALSE())*(Inputs!$B$25/14)*Inputs!$B$5)))+IF(Model!B14,Model!C14*(VLOOKUP(Inputs!$B$40,Inputs!$A$29:$K$33,3,FALSE())*(Inputs!$B$25/14)*Inputs!$B$5)+(1-Model!C14)*(VLOOKUP(Inputs!$B$40,Inputs!$A$29:$K$33,6,FALSE())*(Inputs!$B$25/14)*Inputs!$B$5),Model!C14*(VLOOKUP(Inputs!$B$40,Inputs!$A$29:$K$33,3,FALSE())*(Inputs!$B$25/14)*Inputs!$B$5)+(1-Model!C14)*(IF(Inputs!$B$42="soc",INDEX(Inputs!$A$37:$C$37,1,1)*(Inputs!$B$25/14)*Inputs!$B$5,VLOOKUP(Inputs!$B$40,Inputs!$A$29:$K$33,9,FALSE())*(Inputs!$B$25/14)*Inputs!$B$5)))+IF(Model!B15,Model!C15*(VLOOKUP(Inputs!$B$40,Inputs!$A$29:$K$33,3,FALSE())*(Inputs!$B$25/14)*Inputs!$B$5)+(1-Model!C15)*(VLOOKUP(Inputs!$B$40,Inputs!$A$29:$K$33,6,FALSE())*(Inputs!$B$25/14)*Inputs!$B$5),Model!C15*(VLOOKUP(Inputs!$B$40,Inputs!$A$29:$K$33,3,FALSE())*(Inputs!$B$25/14)*Inputs!$B$5)+(1-Model!C15)*(IF(Inputs!$B$42="soc",INDEX(Inputs!$A$37:$C$37,1,1)*(Inputs!$B$25/14)*Inputs!$B$5,VLOOKUP(Inputs!$B$40,Inputs!$A$29:$K$33,9,FALSE())*(Inputs!$B$25/14)*Inputs!$B$5)))+IF(Model!B16,Model!C16*(VLOOKUP(Inputs!$B$40,Inputs!$A$29:$K$33,3,FALSE())*(Inputs!$B$25/14)*Inputs!$B$5)+(1-Model!C16)*(VLOOKUP(Inputs!$B$40,Inputs!$A$29:$K$33,6,FALSE())*(Inputs!$B$25/14)*Inputs!$B$5),Model!C16*(VLOOKUP(Inputs!$B$40,Inputs!$A$29:$K$33,3,FALSE())*(Inputs!$B$25/14)*Inputs!$B$5)+(1-Model!C16)*(IF(Inputs!$B$42="soc",INDEX(Inputs!$A$37:$C$37,1,1)*(Inputs!$B$25/14)*Inputs!$B$5,VLOOKUP(Inputs!$B$40,Inputs!$A$29:$K$33,9,FALSE())*(Inputs!$B$25/14)*Inputs!$B$5)))+IF(Model!B17,Model!C17*(VLOOKUP(Inputs!$B$40,Inputs!$A$29:$K$33,3,FALSE())*(Inputs!$B$25/14)*Inputs!$B$5)+(1-Model!C17)*(VLOOKUP(Inputs!$B$40,Inputs!$A$29:$K$33,6,FALSE())*(Inputs!$B$25/14)*Inputs!$B$5),Model!C17*(VLOOKUP(Inputs!$B$40,Inputs!$A$29:$K$33,3,FALSE())*(Inputs!$B$25/14)*Inputs!$B$5)+(1-Model!C17)*(IF(Inputs!$B$42="soc",INDEX(Inputs!$A$37:$C$37,1,1)*(Inputs!$B$25/14)*Inputs!$B$5,VLOOKUP(Inputs!$B$40,Inputs!$A$29:$K$33,9,FALSE())*(Inputs!$B$25/14)*Inputs!$B$5)))+IF(Model!B18,Model!C18*(VLOOKUP(Inputs!$B$40,Inputs!$A$29:$K$33,3,FALSE())*(Inputs!$B$25/14)*Inputs!$B$5)+(1-Model!C18)*(VLOOKUP(Inputs!$B$40,Inputs!$A$29:$K$33,6,FALSE())*(Inputs!$B$25/14)*Inputs!$B$5),Model!C18*(VLOOKUP(Inputs!$B$40,Inputs!$A$29:$K$33,3,FALSE())*(Inputs!$B$25/14)*Inputs!$B$5)+(1-Model!C18)*(IF(Inputs!$B$42="soc",INDEX(Inputs!$A$37:$C$37,1,1)*(Inputs!$B$25/14)*Inputs!$B$5,VLOOKUP(Inputs!$B$40,Inputs!$A$29:$K$33,9,FALSE())*(Inputs!$B$25/14)*Inputs!$B$5)))+IF(Model!B19,Model!C19*(VLOOKUP(Inputs!$B$40,Inputs!$A$29:$K$33,3,FALSE())*(Inputs!$B$25/14)*Inputs!$B$5)+(1-Model!C19)*(VLOOKUP(Inputs!$B$40,Inputs!$A$29:$K$33,6,FALSE())*(Inputs!$B$25/14)*Inputs!$B$5),Model!C19*(VLOOKUP(Inputs!$B$40,Inputs!$A$29:$K$33,3,FALSE())*(Inputs!$B$25/14)*Inputs!$B$5)+(1-Model!C19)*(IF(Inputs!$B$42="soc",INDEX(Inputs!$A$37:$C$37,1,1)*(Inputs!$B$25/14)*Inputs!$B$5,VLOOKUP(Inputs!$B$40,Inputs!$A$29:$K$33,9,FALSE())*(Inputs!$B$25/14)*Inputs!$B$5)))+IF(Model!B20,Model!C20*(VLOOKUP(Inputs!$B$40,Inputs!$A$29:$K$33,3,FALSE())*(Inputs!$B$25/14)*Inputs!$B$5)+(1-Model!C20)*(VLOOKUP(Inputs!$B$40,Inputs!$A$29:$K$33,6,FALSE())*(Inputs!$B$25/14)*Inputs!$B$5),Model!C20*(VLOOKUP(Inputs!$B$40,Inputs!$A$29:$K$33,3,FALSE())*(Inputs!$B$25/14)*Inputs!$B$5)+(1-Model!C20)*(IF(Inputs!$B$42="soc",INDEX(Inputs!$A$37:$C$37,1,1)*(Inputs!$B$25/14)*Inputs!$B$5,VLOOKUP(Inputs!$B$40,Inputs!$A$29:$K$33,9,FALSE())*(Inputs!$B$25/14)*Inputs!$B$5))) -> 206.90237 | C13: =Model!E9*(VLOOKUP(Inputs!$B$40,Inputs!$A$29:$K$33,3,FALSE())*(Inputs!$B$25/14)*Inputs!$B$5)+(1-Model!E9)*(INDEX(Inputs!$A$37:$C$37,1,1)*(Inputs!$B$25/14)*Inputs!$B$5)+INDEX(Inputs!$A$37:$C$37,1,1)*(Inputs!$B$25/14)*Inputs!$B$5+INDEX(Inputs!$A$37:$C$37,1,1)*(Inputs!$B$25/14)*Inputs!$B$5+INDEX(Inputs!$A$37:$C$37,1,1)*(Inputs!$B$25/14)*Inputs!$B$5+INDEX(Inputs!$A$37:$C$37,1,1)*(Inputs!$B$25/14)*Inputs!$B$5+INDEX(Inputs!$A$37:$C$37,1,1)*(Inputs!$B$25/14)*Inputs!$B$5+INDEX(Inputs!$A$37:$C$37,1,1)*(Inputs!$B$25/14)*Inputs!$B$5+INDEX(Inputs!$A$37:$C$37,1,1)*(Inputs!$B$25/14)*Inputs!$B$5+INDEX(Inputs!$A$37:$C$37,1,1)*(Inputs!$B$25/14)*Inputs!$B$5+INDEX(Inputs!$A$37:$C$37,1,1)*(Inputs!$B$25/14)*Inputs!$B$5+INDEX(Inputs!$A$37:$C$37,1,1)*(Inputs!$B$25/14)*Inputs!$B$5+INDEX(Inputs!$A$37:$C$37,1,1)*(Inputs!$B$25/14)*Inputs!$B$5 -> 205.44172 | D13: =B13-C13 -> 1.4606521 | E13: 206.33 / 204.85 (+1.48)
A14: Sumatriptan | B14: =IF(Model!B9,Model!C9*(VLOOKUP(Inputs!$B$40,Inputs!$A$29:$K$33,4,FALSE())*(Inputs!$B$25/14)*Inputs!$B$12)+(1-Model!C9)*(VLOOKUP(Inputs!$B$40,Inputs!$A$29:$K$33,7,FALSE())*(Inputs!$B$25/14)*Inputs!$B$12),Model!C9*(VLOOKUP(Inputs!$B$40,Inputs!$A$29:$K$33,4,FALSE())*(Inputs!$B$25/14)*Inputs!$B$12)+(1-Model!C9)*(IF(Inputs!$B$42="soc",INDEX(Inputs!$A$37:$C$37,1,2)*(Inputs!$B$25/14)*Inputs!$B$12,VLOOKUP(Inputs!$B$40,Inputs!$A$29:$K$33,10,FALSE())*(Inputs!$B$25/14)*Inputs!$B$12)))+IF(Model!B10,Model!C10*(VLOOKUP(Inputs!$B$40,Inputs!$A$29:$K$33,4,FALSE())*(Inputs!$B$25/14)*Inputs!$B$12)+(1-Model!C10)*(VLOOKUP(Inputs!$B$40,Inputs!$A$29:$K$33,7,FALSE())*(Inputs!$B$25/14)*Inputs!$B$12),Model!C10*(VLOOKUP(Inputs!$B$40,Inputs!$A$29:$K$33,4,FALSE())*(Inputs!$B$25/14)*Inputs!$B$12)+(1-Model!C10)*(IF(Inputs!$B$42="soc",INDEX(Inputs!$A$37:$C$37,1,2)*(Inputs!$B$25/14)*Inputs!$B$12,VLOOKUP(Inputs!$B$40,Inputs!$A$29:$K$33,10,FALSE())*(Inputs!$B$25/14)*Inputs!$B$12)))+IF(Model!B11,Model!C11*(VLOOKUP(Inputs!$B$40,Inputs!$A$29:$K$33,4,FALSE())*(Inputs!$B$25/14)*Inputs!$B$12)+(1-Model!C11)*(VLOOKUP(Inputs!$B$40,Inputs!$A$29:$K$33,7,FALSE())*(Inputs!$B$25/14)*Inputs!$B$12),Model!C11*(VLOOKUP(Inputs!$B$40,Inputs!$A$29:$K$33,4,FALSE())*(Inputs!$B$25/14)*Inputs!$B$12)+(1-Model!C11)*(IF(Inputs!$B$42="soc",INDEX(Inputs!$A$37:$C$37,1,2)*(Inputs!$B$25/14)*Inputs!$B$12,VLOOKUP(Inputs!$B$40,Inputs!$A$29:$K$33,10,FALSE())*(Inputs!$B$25/14)*Inputs!$B$12)))+IF(Model!B12,Model!C12*(VLOOKUP(Inputs!$B$40,Inputs!$A$29:$K$33,4,FALSE())*(Inputs!$B$25/14)*Inputs!$B$12)+(1-Model!C12)*(VLOOKUP(Inputs!$B$40,Inputs!$A$29:$K$33,7,FALSE())*(Inputs!$B$25/14)*Inputs!$B$12),Model!C12*(VLOOKUP(Inputs!$B$40,Inputs!$A$29:$K$33,4,FALSE())*(Inputs!$B$25/14)*Inputs!$B$12)+(1-Model!C12)*(IF(Inputs!$B$42="soc",INDEX(Inputs!$A$37:$C$37,1,2)*(Inputs!$B$25/14)*Inputs!$B$12,VLOOKUP(Inputs!$B$40,Inputs!$A$29:$K$33,10,FALSE())*(Inputs!$B$25/14)*Inputs!$B$12)))+IF(Model!B13,Model!C13*(VLOOKUP(Inputs!$B$40,Inputs!$A$29:$K$33,4,FALSE())*(Inputs!$B$25/14)*Inputs!$B$12)+(1-Model!C13)*(VLOOKUP(Inputs!$B$40,Inputs!$A$29:$K$33,7,FALSE())*(Inputs!$B$25/14)*Inputs!$B$12),Model!C13*(VLOOKUP(Inputs!$B$40,Inputs!$A$29:$K$33,4,FALSE())*(Inputs!$B$25/14)*Inputs!$B$12)+(1-Model!C13)*(IF(Inputs!$B$42="soc",INDEX(Inputs!$A$37:$C$37,1,2)*(Inputs!$B$25/14)*Inputs!$B$12,VLOOKUP(Inputs!$B$40,Inputs!$A$29:$K$33,10,FALSE())*(Inputs!$B$25/14)*Inputs!$B$12)))+IF(Model!B14,Model!C14*(VLOOKUP(Inputs!$B$40,Inputs!$A$29:$K$33,4,FALSE())*(Inputs!$B$25/14)*Inputs!$B$12)+(1-Model!C14)*(VLOOKUP(Inputs!$B$40,Inputs!$A$29:$K$33,7,FALSE())*(Inputs!$B$25/14)*Inputs!$B$12),Model!C14*(VLOOKUP(Inputs!$B$40,Inputs!$A$29:$K$33,4,FALSE())*(Inputs!$B$25/14)*Inputs!$B$12)+(1-Model!C14)*(IF(Inputs!$B$42="soc",INDEX(Inputs!$A$37:$C$37,1,2)*(Inputs!$B$25/14)*Inputs!$B$12,VLOOKUP(Inputs!$B$40,Inputs!$A$29:$K$33,10,FALSE())*(Inputs!$B$25/14)*Inputs!$B$12)))+IF(Model!B15,Model!C15*(VLOOKUP(Inputs!$B$40,Inputs!$A$29:$K$33,4,FALSE())*(Inputs!$B$25/14)*Inputs!$B$12)+(1-Model!C15)*(VLOOKUP(Inputs!$B$40,Inputs!$A$29:$K$33,7,FALSE())*(Inputs!$B$25/14)*Inputs!$B$12),Model!C15*(VLOOKUP(Inputs!$B$40,Inputs!$A$29:$K$33,4,FALSE())*(Inputs!$B$25/14)*Inputs!$B$12)+(1-Model!C15)*(IF(Inputs!$B$42="soc",INDEX(Inputs!$A$37:$C$37,1,2)*(Inputs!$B$25/14)*Inputs!$B$12,VLOOKUP(Inputs!$B$40,Inputs!$A$29:$K$33,10,FALSE())*(Inputs!$B$25/14)*Inputs!$B$12)))+IF(Model!B16,Model!C16*(VLOOKUP(Inputs!$B$40,Inputs!$A$29:$K$33,4,FALSE())*(Inputs!$B$25/14)*Inputs!$B$12)+(1-Model!C16)*(VLOOKUP(Inputs!$B$40,Inputs!$A$29:$K$33,7,FALSE())*(Inputs!$B$25/14)*Inputs!$B$12),Model!C16*(VLOOKUP(Inputs!$B$40,Inputs!$A$29:$K$33,4,FALSE())*(Inputs!$B$25/14)*Inputs!$B$12)+(1-Model!C16)*(IF(Inputs!$B$42="soc",INDEX(Inputs!$A$37:$C$37,1,2)*(Inputs!$B$25/14)*Inputs!$B$12,VLOOKUP(Inputs!$B$40,Inputs!$A$29:$K$33,10,FALSE())*(Inputs!$B$25/14)*Inputs!$B$12)))+IF(Model!B17,Model!C17*(VLOOKUP(Inputs!$B$40,Inputs!$A$29:$K$33,4,FALSE())*(Inputs!$B$25/14)*Inputs!$B$12)+(1-Model!C17)*(VLOOKUP(Inputs!$B$40,Inputs!$A$29:$K$33,7,FALSE())*(Inputs!$B$25/14)*Inputs!$B$12),Model!C17*(VLOOKUP(Inputs!$B$40,Inputs!$A$29:$K$33,4,FALSE())*(Inputs!$B$25/14)*Inputs!$B$12)+(1-Model!C17)*(IF(Inputs!$B$42="soc",INDEX(Inputs!$A$37:$C$37,1,2)*(Inputs!$B$25/14)*Inputs!$B$12,VLOOKUP(Inputs!$B$40,Inputs!$A$29:$K$33,10,FALSE())*(Inputs!$B$25/14)*Inputs!$B$12)))+IF(Model!B18,Model!C18*(VLOOKUP(Inputs!$B$40,Inputs!$A$29:$K$33,4,FALSE())*(Inputs!$B$25/14)*Inputs!$B$12)+(1-Model!C18)*(VLOOKUP(Inputs!$B$40,Inputs!$A$29:$K$33,7,FALSE())*(Inputs!$B$25/14)*Inputs!$B$12),Model!C18*(VLOOKUP(Inputs!$B$40,Inputs!$A$29:$K$33,4,FALSE())*(Inputs!$B$25/14)*Inputs!$B$12)+(1-Model!C18)*(IF(Inputs!$B$42="soc",INDEX(Inputs!$A$37:$C$37,1,2)*(Inputs!$B$25/14)*Inputs!$B$12,VLOOKUP(Inputs!$B$40,Inputs!$A$29:$K$33,10,FALSE())*(Inputs!$B$25/14)*Inputs!$B$12)))+IF(Model!B19,Model!C19*(VLOOKUP(Inputs!$B$40,Inputs!$A$29:$K$33,4,FALSE())*(Inputs!$B$25/14)*Inputs!$B$12)+(1-Model!C19)*(VLOOKUP(Inputs!$B$40,Inputs!$A$29:$K$33,7,FALSE())*(Inputs!$B$25/14)*Inputs!$B$12),Model!C19*(VLOOKUP(Inputs!$B$40,Inputs!$A$29:$K$33,4,FALSE())*(Inputs!$B$25/14)*Inputs!$B$12)+(1-Model!C19)*(IF(Inputs!$B$42="soc",INDEX(Inputs!$A$37:$C$37,1,2)*(Inputs!$B$25/14)*Inputs!$B$12,VLOOKUP(Inputs!$B$40,Inputs!$A$29:$K$33,10,FALSE())*(Inputs!$B$25/14)*Inputs!$B$12)))+IF(Model!B20,Model!C20*(VLOOKUP(Inputs!$B$40,Inputs!$A$29:$K$33,4,FALSE())*(Inputs!$B$25/14)*Inputs!$B$12)+(1-Model!C20)*(VLOOKUP(Inputs!$B$40,Inputs!$A$29:$K$33,7,FALSE())*(Inputs!$B$25/14)*Inputs!$B$12),Model!C20*(VLOOKUP(Inputs!$B$40,Inputs!$A$29:$K$33,4,FALSE())*(Inputs!$B$25/14)*Inputs!$B$12)+(1-Model!C20)*(IF(Inputs!$B$42="soc",INDEX(Inputs!$A$37:$C$37,1,2)*(Inputs!$B$25/14)*Inputs!$B$12,VLOOKUP(Inputs!$B$40,Inputs!$A$29:$K$33,10,FALSE())*(Inputs!$B$25/14)*Inputs!$B$12))) -> 2586.5262 | C14: =Model!E9*(VLOOKUP(Inputs!$B$40,Inputs!$A$29:$K$33,4,FALSE())*(Inputs!$B$25/14)*Inputs!$B$12)+(1-Model!E9)*(INDEX(Inputs!$A$37:$C$37,1,2)*(Inputs!$B$25/14)*Inputs!$B$12)+INDEX(Inputs!$A$37:$C$37,1,2)*(Inputs!$B$25/14)*Inputs!$B$12+INDEX(Inputs!$A$37:$C$37,1,2)*(Inputs!$B$25/14)*Inputs!$B$12+INDEX(Inputs!$A$37:$C$37,1,2)*(Inputs!$B$25/14)*Inputs!$B$12+INDEX(Inputs!$A$37:$C$37,1,2)*(Inputs!$B$25/14)*Inputs!$B$12+INDEX(Inputs!$A$37:$C$37,1,2)*(Inputs!$B$25/14)*Inputs!$B$12+INDEX(Inputs!$A$37:$C$37,1,2)*(Inputs!$B$25/14)*Inputs!$B$12+INDEX(Inputs!$A$37:$C$37,1,2)*(Inputs!$B$25/14)*Inputs!$B$12+INDEX(Inputs!$A$37:$C$37,1,2)*(Inputs!$B$25/14)*Inputs!$B$12+INDEX(Inputs!$A$37:$C$37,1,2)*(Inputs!$B$25/14)*Inputs!$B$12+INDEX(Inputs!$A$37:$C$37,1,2)*(Inputs!$B$25/14)*Inputs!$B$12+INDEX(Inputs!$A$37:$C$37,1,2)*(Inputs!$B$25/14)*Inputs!$B$12 -> 3518.4514 | D14: =B14-C14 -> -931.92521 | E14: 2577.39 / 3505.53 (-928.13)
A15: Oxygen | B15: =IF(Model!B9,Model!C9*(VLOOKUP(Inputs!$B$40,Inputs!$A$29:$K$33,5,FALSE())*(Inputs!$B$25/14)*Inputs!$B$13)+(1-Model!C9)*(VLOOKUP(Inputs!$B$40,Inputs!$A$29:$K$33,8,FALSE())*(Inputs!$B$25/14)*Inputs!$B$13),Model!C9*(VLOOKUP(Inputs!$B$40,Inputs!$A$29:$K$33,5,FALSE())*(Inputs!$B$25/14)*Inputs!$B$13)+(1-Model!C9)*(IF(Inputs!$B$42="soc",INDEX(Inputs!$A$37:$C$37,1,3)*(Inputs!$B$25/14)*Inputs!$B$13,VLOOKUP(Inputs!$B$40,Inputs!$A$29:$K$33,11,FALSE())*(Inputs!$B$25/14)*Inputs!$B$13)))+IF(Model!B10,Model!C10*(VLOOKUP(Inputs!$B$40,Inputs!$A$29:$K$33,5,FALSE())*(Inputs!$B$25/14)*Inputs!$B$13)+(1-Model!C10)*(VLOOKUP(Inputs!$B$40,Inputs!$A$29:$K$33,8,FALSE())*(Inputs!$B$25/14)*Inputs!$B$13),Model!C10*(VLOOKUP(Inputs!$B$40,Inputs!$A$29:$K$33,5,FALSE())*(Inputs!$B$25/14)*Inputs!$B$13)+(1-Model!C10)*(IF(Inputs!$B$42="soc",INDEX(Inputs!$A$37:$C$37,1,3)*(Inputs!$B$25/14)*Inputs!$B$13,VLOOKUP(Inputs!$B$40,Inputs!$A$29:$K$33,11,FALSE())*(Inputs!$B$25/14)*Inputs!$B$13)))+IF(Model!B11,Model!C11*(VLOOKUP(Inputs!$B$40,Inputs!$A$29:$K$33,5,FALSE())*(Inputs!$B$25/14)*Inputs!$B$13)+(1-Model!C11)*(VLOOKUP(Inputs!$B$40,Inputs!$A$29:$K$33,8,FALSE())*(Inputs!$B$25/14)*Inputs!$B$13),Model!C11*(VLOOKUP(Inputs!$B$40,Inputs!$A$29:$K$33,5,FALSE())*(Inputs!$B$25/14)*Inputs!$B$13)+(1-Model!C11)*(IF(Inputs!$B$42="soc",INDEX(Inputs!$A$37:$C$37,1,3)*(Inputs!$B$25/14)*Inputs!$B$13,VLOOKUP(Inputs!$B$40,Inputs!$A$29:$K$33,11,FALSE())*(Inputs!$B$25/14)*Inputs!$B$13)))+IF(Model!B12,Model!C12*(VLOOKUP(Inputs!$B$40,Inputs!$A$29:$K$33,5,FALSE())*(Inputs!$B$25/14)*Inputs!$B$13)+(1-Model!C12)*(VLOOKUP(Inputs!$B$40,Inputs!$A$29:$K$33,8,FALSE())*(Inputs!$B$25/14)*Inputs!$B$13),Model!C12*(VLOOKUP(Inputs!$B$40,Inputs!$A$29:$K$33,5,FALSE())*(Inputs!$B$25/14)*Inputs!$B$13)+(1-Model!C12)*(IF(Inputs!$B$42="soc",INDEX(Inputs!$A$37:$C$37,1,3)*(Inputs!$B$25/14)*Inputs!$B$13,VLOOKUP(Inputs!$B$40,Inputs!$A$29:$K$33,11,FALSE())*(Inputs!$B$25/14)*Inputs!$B$13)))+IF(Model!B13,Model!C13*(VLOOKUP(Inputs!$B$40,Inputs!$A$29:$K$33,5,FALSE())*(Inputs!$B$25/14)*Inputs!$B$13)+(1-Model!C13)*(VLOOKUP(Inputs!$B$40,Inputs!$A$29:$K$33,8,FALSE())*(Inputs!$B$25/14)*Inputs!$B$13),Model!C13*(VLOOKUP(Inputs!$B$40,Inputs!$A$29:$K$33,5,FALSE())*(Inputs!$B$25/14)*Inputs!$B$13)+(1-Model!C13)*(IF(Inputs!$B$42="soc",INDEX(Inputs!$A$37:$C$37,1,3)*(Inputs!$B$25/14)*Inputs!$B$13,VLOOKUP(Inputs!$B$40,Inputs!$A$29:$K$33,11,FALSE())*(Inputs!$B$25/14)*Inputs!$B$13)))+IF(Model!B14,Model!C14*(VLOOKUP(Inputs!$B$40,Inputs!$A$29:$K$33,5,FALSE())*(Inputs!$B$25/14)*Inputs!$B$13)+(1-Model!C14)*(VLOOKUP(Inputs!$B$40,Inputs!$A$29:$K$33,8,FALSE())*(Inputs!$B$25/14)*Inputs!$B$13),Model!C14*(VLOOKUP(Inputs!$B$40,Inputs!$A$29:$K$33,5,FALSE())*(Inputs!$B$25/14)*Inputs!$B$13)+(1-Model!C14)*(IF(Inputs!$B$42="soc",INDEX(Inputs!$A$37:$C$37,1,3)*(Inputs!$B$25/14)*Inputs!$B$13,VLOOKUP(Inputs!$B$40,Inputs!$A$29:$K$33,11,FALSE())*(Inputs!$B$25/14)*Inputs!$B$13)))+IF(Model!B15,Model!C15*(VLOOKUP(Inputs!$B$40,Inputs!$A$29:$K$33,5,FALSE())*(Inputs!$B$25/14)*Inputs!$B$13)+(1-Model!C15)*(VLOOKUP(Inputs!$B$40,Inputs!$A$29:$K$33,8,FALSE())*(Inputs!$B$25/14)*Inputs!$B$13),Model!C15*(VLOOKUP(Inputs!$B$40,Inputs!$A$29:$K$33,5,FALSE())*(Inputs!$B$25/14)*Inputs!$B$13)+(1-Model!C15)*(IF(Inputs!$B$42="soc",INDEX(Inputs!$A$37:$C$37,1,3)*(Inputs!$B$25/14)*Inputs!$B$13,VLOOKUP(Inputs!$B$40,Inputs!$A$29:$K$33,11,FALSE())*(Inputs!$B$25/14)*Inputs!$B$13)))+IF(Model!B16,Model!C16*(VLOOKUP(Inputs!$B$40,Inputs!$A$29:$K$33,5,FALSE())*(Inputs!$B$25/14)*Inputs!$B$13)+(1-Model!C16)*(VLOOKUP(Inputs!$B$40,Inputs!$A$29:$K$33,8,FALSE())*(Inputs!$B$25/14)*Inputs!$B$13),Model!C16*(VLOOKUP(Inputs!$B$40,Inputs!$A$29:$K$33,5,FALSE())*(Inputs!$B$25/14)*Inputs!$B$13)+(1-Model!C16)*(IF(Inputs!$B$42="soc",INDEX(Inputs!$A$37:$C$37,1,3)*(Inputs!$B$25/14)*Inputs!$B$13,VLOOKUP(Inputs!$B$40,Inputs!$A$29:$K$33,11,FALSE())*(Inputs!$B$25/14)*Inputs!$B$13)))+IF(Model!B17,Model!C17*(VLOOKUP(Inputs!$B$40,Inputs!$A$29:$K$33,5,FALSE())*(Inputs!$B$25/14)*Inputs!$B$13)+(1-Model!C17)*(VLOOKUP(Inputs!$B$40,Inputs!$A$29:$K$33,8,FALSE())*(Inputs!$B$25/14)*Inputs!$B$13),Model!C17*(VLOOKUP(Inputs!$B$40,Inputs!$A$29:$K$33,5,FALSE())*(Inputs!$B$25/14)*Inputs!$B$13)+(1-Model!C17)*(IF(Inputs!$B$42="soc",INDEX(Inputs!$A$37:$C$37,1,3)*(Inputs!$B$25/14)*Inputs!$B$13,VLOOKUP(Inputs!$B$40,Inputs!$A$29:$K$33,11,FALSE())*(Inputs!$B$25/14)*Inputs!$B$13)))+IF(Model!B18,Model!C18*(VLOOKUP(Inputs!$B$40,Inputs!$A$29:$K$33,5,FALSE())*(Inputs!$B$25/14)*Inputs!$B$13)+(1-Model!C18)*(VLOOKUP(Inputs!$B$40,Inputs!$A$29:$K$33,8,FALSE())*(Inputs!$B$25/14)*Inputs!$B$13),Model!C18*(VLOOKUP(Inputs!$B$40,Inputs!$A$29:$K$33,5,FALSE())*(Inputs!$B$25/14)*Inputs!$B$13)+(1-Model!C18)*(IF(Inputs!$B$42="soc",INDEX(Inputs!$A$37:$C$37,1,3)*(Inputs!$B$25/14)*Inputs!$B$13,VLOOKUP(Inputs!$B$40,Inputs!$A$29:$K$33,11,FALSE())*(Inputs!$B$25/14)*Inputs!$B$13)))+IF(Model!B19,Model!C19*(VLOOKUP(Inputs!$B$40,Inputs!$A$29:$K$33,5,FALSE())*(Inputs!$B$25/14)*Inputs!$B$13)+(1-Model!C19)*(VLOOKUP(Inputs!$B$40,Inputs!$A$29:$K$33,8,FALSE())*(Inputs!$B$25/14)*Inputs!$B$13),Model!C19*(VLOOKUP(Inputs!$B$40,Inputs!$A$29:$K$33,5,FALSE())*(Inputs!$B$25/14)*Inputs!$B$13)+(1-Model!C19)*(IF(Inputs!$B$42="soc",INDEX(Inputs!$A$37:$C$37,1,3)*(Inputs!$B$25/14)*Inputs!$B$13,VLOOKUP(Inputs!$B$40,Inputs!$A$29:$K$33,11,FALSE())*(Inputs!$B$25/14)*Inputs!$B$13)))+IF(Model!B20,Model!C20*(VLOOKUP(Inputs!$B$40,Inputs!$A$29:$K$33,5,FALSE())*(Inputs!$B$25/14)*Inputs!$B$13)+(1-Model!C20)*(VLOOKUP(Inputs!$B$40,Inputs!$A$29:$K$33,8,FALSE())*(Inputs!$B$25/14)*Inputs!$B$13),Model!C20*(VLOOKUP(Inputs!$B$40,Inputs!$A$29:$K$33,5,FALSE())*(Inputs!$B$25/14)*Inputs!$B$13)+(1-Model!C20)*(IF(Inputs!$B$42="soc",INDEX(Inputs!$A$37:$C$37,1,3)*(Inputs!$B$25/14)*Inputs!$B$13,VLOOKUP(Inputs!$B$40,Inputs!$A$29:$K$33,11,FALSE())*(Inputs!$B$25/14)*Inputs!$B$13))) -> 148.02839 | C15: =Model!E9*(VLOOKUP(Inputs!$B$40,Inputs!$A$29:$K$33,5,FALSE())*(Inputs!$B$25/14)*Inputs!$B$13)+(1-Model!E9)*(INDEX(Inputs!$A$37:$C$37,1,3)*(Inputs!$B$25/14)*Inputs!$B$13)+INDEX(Inputs!$A$37:$C$37,1,3)*(Inputs!$B$25/14)*Inputs!$B$13+INDEX(Inputs!$A$37:$C$37,1,3)*(Inputs!$B$25/14)*Inputs!$B$13+INDEX(Inputs!$A$37:$C$37,1,3)*(Inputs!$B$25/14)*Inputs!$B$13+INDEX(Inputs!$A$37:$C$37,1,3)*(Inputs!$B$25/14)*Inputs!$B$13+INDEX(Inputs!$A$37:$C$37,1,3)*(Inputs!$B$25/14)*Inputs!$B$13+INDEX(Inputs!$A$37:$C$37,1,3)*(Inputs!$B$25/14)*Inputs!$B$13+INDEX(Inputs!$A$37:$C$37,1,3)*(Inputs!$B$25/14)*Inputs!$B$13+INDEX(Inputs!$A$37:$C$37,1,3)*(Inputs!$B$25/14)*Inputs!$B$13+INDEX(Inputs!$A$37:$C$37,1,3)*(Inputs!$B$25/14)*Inputs!$B$13+INDEX(Inputs!$A$37:$C$37,1,3)*(Inputs!$B$25/14)*Inputs!$B$13+INDEX(Inputs!$A$37:$C$37,1,3)*(Inputs!$B$25/14)*Inputs!$B$13 -> 189.14338 | D15: =B15-C15 -> -41.114986 | E15: 147.55 / 188.49 (-40.95)
A16: Total | B16: =SUM(B12:B15) -> 3458.957 | C16: =SUM(C12:C15) -> 3913.0365 | D16: =B16-C16 -> -454.07954
A18: NOTES ON VALIDATION
A19: This replication reproduces the company's base-case total costs (Table C16) to within ~1%.
A20: The residual gap arises because Table C10 rounds resource-use inputs to 2–3 significant figures; the unrounded PREVA
A21: post-hoc data (referenced in the EAC report's correspondence log) is not published in this submission.
A22: Change the yellow selector cells on the Inputs sheet to explore the alternative response-definition and scenario
A23: assumptions described in Sections 9.4.1 and 9.4.3, or see the Scenarios and OWSA sheets for the full pre-computed grids.

Sheet Scenarios
A1: gammaCore for Chronic Cluster Headache — MULTI-WAY SCENARIO ANALYSIS (cf. Table C20)
A2: Each scenario below is a fully self-contained 12-month calculation (not linked to the Inputs selectors), so all 30 combinations are visible at once.
A4: SUMMARY TABLE
A5: Responder def. | B5: Loss assumption | C5: Non-resp. use | D5: gammaCore+SoC (£) | E5: SoC (£) | F5: Difference (£) | G5: Published (£)
A6: 25 | B6: none | C6: soc | D6: =D53 -> 3565.4536 | E6: =F53 -> 3913.4143 | F6: =D53-F53 -> -347.96069 | G6: -343
A7: 25 | B7: none | C7: baseline | D7: =D69 -> 3085.619 | E7: =F69 -> 3913.4143 | F7: =D69-F69 -> -827.79528 | G7: -821
A8: 25 | B8: constant | C8: soc | D8: =D85 -> 3606.2651 | E8: =F85 -> 3913.4143 | F8: =D85-F85 -> -307.14921 | G8: -256
A9: 25 | B9: constant | C9: baseline | D9: =D101 -> 2843.2319 | E9: =F101 -> 3913.4143 | F9: =D101-F101 -> -1070.1824
A10: 25 | B10: diminishing | C10: soc | D10: =D117 -> 3601.7464 | E10: =F117 -> 3913.4143 | F10: =D117-F117 -> -311.66793
A11: 25 | B11: diminishing | C11: baseline | D11: =D133 -> 2874.4549 | E11: =F133 -> 3913.4143 | F11: =D133-F133 -> -1038.9594
A12: 40 | B12: none | C12: soc | D12: =D149 -> 3515.1815 | E12: =F149 -> 3915.1784 | F12: =D149-F149 -> -399.99685 | G12: -394
A13: 40 | B13: none | C13: baseline | D13: =D165 -> 2653.1333 | E13: =F165 -> 3915.1784 | F13: =D165-F165 -> -1262.0451 | G13: -1256
A14: 40 | B14: constant | C14: soc | D14: =D181 -> 3482.581 | E14: =F181 -> 3915.1784 | F14: =D181-F181 -> -432.59741
A15: 40 | B15: constant | C15: baseline | D15: =D197 -> 2274.8947 | E15: =F197 -> 3915.1784 | F15: =D197-F197 -> -1640.2837
A16: 40 | B16: diminishing | C16: soc | D16: =D213 -> 3486.8564 | E16: =F213 -> 3915.1784 | F16: =D213-F213 -> -428.32196
A17: 40 | B17: diminishing | C17: baseline | D17: =D229 -> 2322.7922 | E17: =F229 -> 3915.1784 | F17: =D229-F229 -> -1592.3862
A18: 50m | B18: none | C18: soc | D18: =D245 -> 3806.3346 | E18: =F245 -> 3915.6354 | F18: =D245-F245 -> -109.30078 | G18: -104
A19: 50m | B19: none | C19: baseline | D19: =D261 -> 3806.3346 | E19: =F261 -> 3915.6354 | F19: =D261-F261 -> -109.30078 | G19: -104
A20: 50m | B20: constant | C20: soc | D20: =D277 -> 3777.9291 | E20: =F277 -> 3915.6354 | F20: =D277-F277 -> -137.70629 | G20: -101
A21: 50m | B21: constant | C21: baseline | D21: =D293 -> 3777.9291 | E21: =F293 -> 3915.6354 | F21: =D293-F293 -> -137.70629
A22: 50m | B22: diminishing | C22: soc | D22: =D309 -> 3781.9332 | E22: =F309 -> 3915.6354 | F22: =D309-F309 -> -133.70214
A23: 50m | B23: diminishing | C23: baseline | D23: =D325 -> 3781.9332 | E23: =F325 -> 3915.6354 | F23: =D325-F325 -> -133.70214
A24: 50 | B24: none | C24: soc | D24: =D341 -> 3458.957 | E24: =F341 -> 3913.0365 | F24: =D341-F341 -> -454.07954 | G24: -450
A25: 50 | B25: none | C25: baseline | D25: =D357 -> 2981.1262 | E25: =F357 -> 3913.0365 | F25: =D357-F357 -> -931.91031 | G25: -926
A26: 50 | B26: constant | C26: soc | D26: =D373 -> 3488.1884 | E26: =F373 -> 3913.0365 | F26: =D373-F373 -> -424.84816 | G26: -390
A27: 50 | B27: constant | C27: baseline | D27: =D389 -> 2858.1833 | E27: =F389 -> 3913.0365 | F27: =D389-F389 -> -1054.8533
A28: 50 | B28: diminishing | C28: soc | D28: =D405 -> 3484.726 | E28: =F405 -> 3913.0365 | F28: =D405-F405 -> -428.31054
A29: 50 | B29: diminishing | C29: baseline | D29: =D421 -> 2873.9264 | E29: =F421 -> 3913.0365 | F29: =D421-F421 -> -1039.1102
A30: 65 | B30: none | C30: soc | D30: =D437 -> 3400.5806 | E30: =F437 -> 3910.5656 | F30: =D437-F437 -> -509.98508 | G30: -512
A31: 65 | B31: none | C31: baseline | D31: =D453 -> 3134.0113 | E31: =F453 -> 3910.5656 | F31: =D453-F453 -> -776.55437 | G31: -776
A32: 65 | B32: constant | C32: soc | D32: =D469 -> 3455.7547 | E32: =F469 -> 3910.5656 | F32: =D469-F469 -> -454.81095 | G32: -437
A33: 65 | B33: constant | C33: baseline | D33: =D485 -> 3144.9884 | E33: =F485 -> 3910.5656 | F33: =D485-F485 -> -765.57727
A34: 65 | B34: diminishing | C34: soc | D34: =D501 -> 3448.9423 | E34: =F501 -> 3910.5656 | F34: =D501-F501 -> -461.6233
A35: 65 | B35: diminishing | C35: baseline | D35: =D517 -> 3143.754 | E35: =F517 -> 3910.5656 | F35: =D517-F517 -> -766.81164
A37: DETAIL CALCULATIONS (one 12-month block per scenario)
A39: Scenario: 25% / none / non-resp use = soc
A40: Cycle | B40: Free trial? | C40: gCore resp % | D40: gCore cost (£) | E40: SoC resp % | F40: SoC cost (£)
A41: 1 | B41: =A41<=Inputs!$B$17 -> TRUE | C41: =VLOOKUP("25",Inputs!$A$29:$K$33,2,FALSE()) -> 0.6 | D41: =IF(B41,C41*(VLOOKUP("25",Inputs!$A$29:$K$33,3,FALSE())*(Inputs!$B$25/14)*Inputs!$B$5+VLOOKUP("25",Inputs!$A$29:$K$33,4,FALSE())*(Inputs!$B$25/14)*Inputs!$B$12+VLOOKUP("25",Inputs!$A$29:$K$33,5,FALSE())*(Inputs!$B$25/14)*Inputs!$B$13)+(1-C41)*(VLOOKUP("25",Inputs!$A$29:$K$33,6,FALSE())*(Inputs!$B$25/14)*Inputs!$B$5+VLOOKUP("25",Inputs!$A$29:$K$33,7,FALSE())*(Inputs!$B$25/14)*Inputs!$B$12+VLOOKUP("25",Inputs!$A$29:$K$33,8,FALSE())*(Inputs!$B$25/14)*Inputs!$B$13),C41*((VLOOKUP("25",Inputs!$A$29:$K$33,3,FALSE())*(Inputs!$B$25/14)*Inputs!$B$5+VLOOKUP("25",Inputs!$A$29:$K$33,4,FALSE())*(Inputs!$B$25/14)*Inputs!$B$12+VLOOKUP("25",Inputs!$A$29:$K$33,5,FALSE())*(Inputs!$B$25/14)*Inputs!$B$13)+Inputs!$B$18)+(1-C41)*((INDEX(Inputs!$A$37:$C$37,1,1)*(Inputs!$B$25/14)*Inputs!$B$5+INDEX(Inputs!$A$37:$C$37,1,2)*(Inputs!$B$25/14)*Inputs!$B$12+INDEX(Inputs!$A$37:$C$37,1,3)*(Inputs!$B$25/14)*Inputs!$B$13))) -> 189.05901 | E41: =Inputs!$B$21 -> 0.083 | F41: =E41*(VLOOKUP("25",Inputs!$A$29:$K$33,3,FALSE())*(Inputs!$B$25/14)*Inputs!$B$5+VLOOKUP("25",Inputs!$A$29:$K$33,4,FALSE())*(Inputs!$B$25/14)*Inputs!$B$12+VLOOKUP("25",Inputs!$A$29:$K$33,5,FALSE())*(Inputs!$B$25/14)*Inputs!$B$13)+(1-E41)*(INDEX(Inputs!$A$37:$C$37,1,1)*(Inputs!$B$25/14)*Inputs!$B$5+INDEX(Inputs!$A$37:$C$37,1,2)*(Inputs!$B$25/14)*Inputs!$B$12+INDEX(Inputs!$A$37:$C$37,1,3)*(Inputs!$B$25/14)*Inputs!$B$13) -> 309.85906
A42: 2 | B42: =A42<=Inputs!$B$17 -> TRUE | C42: =IF(A42=2,C41*(1-Inputs!$B$22),C41) -> 0.414 | D42: =IF(B42,C42*(VLOOKUP("25",Inputs!$A$29:$K$33,3,FALSE())*(Inputs!$B$25/14)*Inputs!$B$5+VLOOKUP("25",Inputs!$A$29:$K$33,4,FALSE())*(Inputs!$B$25/14)*Inputs!$B$12+VLOOKUP("25",Inputs!$A$29:$K$33,5,FALSE())*(Inputs!$B$25/14)*Inputs!$B$13)+(1-C42)*(VLOOKUP("25",Inputs!$A$29:$K$33,6,FALSE())*(Inputs!$B$25/14)*Inputs!$B$5+VLOOKUP("25",Inputs!$A$29:$K$33,7,FALSE())*(Inputs!$B$25/14)*Inputs!$B$12+VLOOKUP("25",Inputs!$A$29:$K$33,8,FALSE())*(Inputs!$B$25/14)*Inputs!$B$13),C42*((VLOOKUP("25",Inputs!$A$29:$K$33,3,FALSE())*(Inputs!$B$25/14)*Inputs!$B$5+VLOOKUP("25",Inputs!$A$29:$K$33,4,FALSE())*(Inputs!$B$25/14)*Inputs!$B$12+VLOOKUP("25",Inputs!$A$29:$K$33,5,FALSE())*(Inputs!$B$25/14)*Inputs!$B$13)+Inputs!$B$18)+(1-C42)*((INDEX(Inputs!$A$37:$C$37,1,1)*(Inputs!$B$25/14)*Inputs!$B$5+INDEX(Inputs!$A$37:$C$37,1,2)*(Inputs!$B$25/14)*Inputs!$B$12+INDEX(Inputs!$A$37:$C$37,1,3)*(Inputs!$B$25/14)*Inputs!$B$13))) -> 224.00855 | E42: =0 -> 0 | F42: =(INDEX(Inputs!$A$37:$C$37,1,1)*(Inputs!$B$25/14)*Inputs!$B$5+INDEX(Inputs!$A$37:$C$37,1,2)*(Inputs!$B$25/14)*Inputs!$B$12+INDEX(Inputs!$A$37:$C$37,1,3)*(Inputs!$B$25/14)*Inputs!$B$13) -> 327.59593
A43: 3 | B43: =A43<=Inputs!$B$17 -> TRUE | C43: =IF(A43=2,C42*(1-Inputs!$B$22),C42) -> 0.414 | D43: =IF(B43,C43*(VLOOKUP("25",Inputs!$A$29:$K$33,3,FALSE())*(Inputs!$B$25/14)*Inputs!$B$5+VLOOKUP("25",Inputs!$A$29:$K$33,4,FALSE())*(Inputs!$B$25/14)*Inputs!$B$12+VLOOKUP("25",Inputs!$A$29:$K$33,5,FALSE())*(Inputs!$B$25/14)*Inputs!$B$13)+(1-C43)*(VLOOKUP("25",Inputs!$A$29:$K$33,6,FALSE())*(Inputs!$B$25/14)*Inputs!$B$5+VLOOKUP("25",Inputs!$A$29:$K$33,7,FALSE())*(Inputs!$B$25/14)*Inputs!$B$12+VLOOKUP("25",Inputs!$A$29:$K$33,8,FALSE())*(Inputs!$B$25/14)*Inputs!$B$13),C43*((VLOOKUP("25",Inputs!$A$29:$K$33,3,FALSE())*(Inputs!$B$25/14)*Inputs!$B$5+VLOOKUP("25",Inputs!$A$29:$K$33,4,FALSE())*(Inputs!$B$25/14)*Inputs!$B$12+VLOOKUP("25",Inputs!$A$29:$K$33,5,FALSE())*(Inputs!$B$25/14)*Inputs!$B$13)+Inputs!$B$18)+(1-C43)*((INDEX(Inputs!$A$37:$C$37,1,1)*(Inputs!$B$25/14)*Inputs!$B$5+INDEX(Inputs!$A$37:$C$37,1,2)*(Inputs!$B$25/14)*Inputs!$B$12+INDEX(Inputs!$A$37:$C$37,1,3)*(Inputs!$B$25/14)*Inputs!$B$13))) -> 224.00855 | E43: =0 -> 0 | F43: =(INDEX(Inputs!$A$37:$C$37,1,1)*(Inputs!$B$25/14)*Inputs!$B$5+INDEX(Inputs!$A$37:$C$37,1,2)*(Inputs!$B$25/14)*Inputs!$B$12+INDEX(Inputs!$A$37:$C$37,1,3)*(Inputs!$B$25/14)*Inputs!$B$13) -> 327.59593
A44: 4 | B44: =A44<=Inputs!$B$17 -> FALSE | C44: =IF(A44=2,C43*(1-Inputs!$B$22),C43) -> 0.414 | D44: =IF(B44,C44*(VLOOKUP("25",Inputs!$A$29:$K$33,3,FALSE())*(Inputs!$B$25/14)*Inputs!$B$5+VLOOKUP("25",Inputs!$A$29:$K$33,4,FALSE())*(Inputs!$B$25/14)*Inputs!$B$12+VLOOKUP("25",Inputs!$A$29:$K$33,5,FALSE())*(Inputs!$B$25/14)*Inputs!$B$13)+(1-C44)*(VLOOKUP("25",Inputs!$A$29:$K$33,6,FALSE())*(Inputs!$B$25/14)*Inputs!$B$5+VLOOKUP("25",Inputs!$A$29:$K$33,7,FALSE())*(Inputs!$B$25/14)*Inputs!$B$12+VLOOKUP("25",Inputs!$A$29:$K$33,8,FALSE())*(Inputs!$B$25/14)*Inputs!$B$13),C44*((VLOOKUP("25",Inputs!$A$29:$K$33,3,FALSE())*(Inputs!$B$25/14)*Inputs!$B$5+VLOOKUP("25",Inputs!$A$29:$K$33,4,FALSE())*(Inputs!$B$25/14)*Inputs!$B$12+VLOOKUP("25",Inputs!$A$29:$K$33,5,FALSE())*(Inputs!$B$25/14)*Inputs!$B$13)+Inputs!$B$18)+(1-C44)*((INDEX(Inputs!$A$37:$C$37,1,1)*(Inputs!$B$25/14)*Inputs!$B$5+INDEX(Inputs!$A$37:$C$37,1,2)*(Inputs!$B$25/14)*Inputs!$B$12+INDEX(Inputs!$A$37:$C$37,1,3)*(Inputs!$B$25/14)*Inputs!$B$13))) -> 325.37528 | E44: =0 -> 0 | F44: =(INDEX(Inputs!$A$37:$C$37,1,1)*(Inputs!$B$25/14)*Inputs!$B$5+INDEX(Inputs!$A$37:$C$37,1,2)*(Inputs!$B$25/14)*Inputs!$B$12+INDEX(Inputs!$A$37:$C$37,1,3)*(Inputs!$B$25/14)*Inputs!$B$13) -> 327.59593
A45: 5 | B45: =A45<=Inputs!$B$17 -> FALSE | C45: =IF(A45=2,C44*(1-Inputs!$B$22),C44) -> 0.414 | D45: =IF(B45,C45*(VLOOKUP("25",Inputs!$A$29:$K$33,3,FALSE())*(Inputs!$B$25/14)*Inputs!$B$5+VLOOKUP("25",Inputs!$A$29:$K$33,4,FALSE())*(Inputs!$B$25/14)*Inputs!$B$12+VLOOKUP("25",Inputs!$A$29:$K$33,5,FALSE())*(Inputs!$B$25/14)*Inputs!$B$13)+(1-C45)*(VLOOKUP("25",Inputs!$A$29:$K$33,6,FALSE())*(Inputs!$B$25/14)*Inputs!$B$5+VLOOKUP("25",Inputs!$A$29:$K$33,7,FALSE())*(Inputs!$B$25/14)*Inputs!$B$12+VLOOKUP("25",Inputs!$A$29:$K$33,8,FALSE())*(Inputs!$B$25/14)*Inputs!$B$13),C45*((VLOOKUP("25",Inputs!$A$29:$K$33,3,FALSE())*(Inputs!$B$25/14)*Inputs!$B$5+VLOOKUP("25",Inputs!$A$29:$K$33,4,FALSE())*(Inputs!$B$25/14)*Inputs!$B$12+VLOOKUP("25",Inputs!$A$29:$K$33,5,FALSE())*(Inputs!$B$25/14)*Inputs!$B$13)+Inputs!$B$18)+(1-C45)*((INDEX(Inputs!$A$37:$C$37,1,1)*(Inputs!$B$25/14)*Inputs!$B$5+INDEX(Inputs!$A$37:$C$37,1,2)*(Inputs!$B$25/14)*Inputs!$B$12+INDEX(Inputs!$A$37:$C$37,1,3)*(Inputs!$B$25/14)*Inputs!$B$13))) -> 325.37528 | E45: =0 -> 0 | F45: =(INDEX(Inputs!$A$37:$C$37,1,1)*(Inputs!$B$25/14)*Inputs!$B$5+INDEX(Inputs!$A$37:$C$37,1,2)*(Inputs!$B$25/14)*Inputs!$B$12+INDEX(Inputs!$A$37:$C$37,1,3)*(Inputs!$B$25/14)*Inputs!$B$13) -> 327.59593
A46: 6 | B46: =A46<=Inputs!$B$17 -> FALSE | C46: =IF(A46=2,C45*(1-Inputs!$B$22),C45) -> 0.414 | D46: =IF(B46,C46*(VLOOKUP("25",Inputs!$A$29:$K$33,3,FALSE())*(Inputs!$B$25/14)*Inputs!$B$5+VLOOKUP("25",Inputs!$A$29:$K$33,4,FALSE())*(Inputs!$B$25/14)*Inputs!$B$12+VLOOKUP("25",Inputs!$A$29:$K$33,5,FALSE())*(Inputs!$B$25/14)*Inputs!$B$13)+(1-C46)*(VLOOKUP("25",Inputs!$A$29:$K$33,6,FALSE())*(Inputs!$B$25/14)*Inputs!$B$5+VLOOKUP("25",Inputs!$A$29:$K$33,7,FALSE())*(Inputs!$B$25/14)*Inputs!$B$12+VLOOKUP("25",Inputs!$A$29:$K$33,8,FALSE())*(Inputs!$B$25/14)*Inputs!$B$13),C46*((VLOOKUP("25",Inputs!$A$29:$K$33,3,FALSE())*(Inputs!$B$25/14)*Inputs!$B$5+VLOOKUP("25",Inputs!$A$29:$K$33,4,FALSE())*(Inputs!$B$25/14)*Inputs!$B$12+VLOOKUP("25",Inputs!$A$29:$K$33,5,FALSE())*(Inputs!$B$25/14)*Inputs!$B$13)+Inputs!$B$18)+(1-C46)*((INDEX(Inputs!$A$37:$C$37,1,1)*(Inputs!$B$25/14)*Inputs!$B$5+INDEX(Inputs!$A$37:$C$37,1,2)*(Inputs!$B$25/14)*Inputs!$B$12+INDEX(Inputs!$A$37:$C$37,1,3)*(Inputs!$B$25/14)*Inputs!$B$13))) -> 325.37528 | E46: =0 -> 0 | F46: =(INDEX(Inputs!$A$37:$C$37,1,1)*(Inputs!$B$25/14)*Inputs!$B$5+INDEX(Inputs!$A$37:$C$37,1,2)*(Inputs!$B$25/14)*Inputs!$B$12+INDEX(Inputs!$A$37:$C$37,1,3)*(Inputs!$B$25/14)*Inputs!$B$13) -> 327.59593
A47: 7 | B47: =A47<=Inputs!$B$17 -> FALSE | C47: =IF(A47=2,C46*(1-Inputs!$B$22),C46) -> 0.414 | D47: =IF(B47,C47*(VLOOKUP("25",Inputs!$A$29:$K$33,3,FALSE())*(Inputs!$B$25/14)*Inputs!$B$5+VLOOKUP("25",Inputs!$A$29:$K$33,4,FALSE())*(Inputs!$B$25/14)*Inputs!$B$12+VLOOKUP("25",Inputs!$A$29:$K$33,5,FALSE())*(Inputs!$B$25/14)*Inputs!$B$13)+(1-C47)*(VLOOKUP("25",Inputs!$A$29:$K$33,6,FALSE())*(Inputs!$B$25/14)*Inputs!$B$5+VLOOKUP("25",Inputs!$A$29:$K$33,7,FALSE())*(Inputs!$B$25/14)*Inputs!$B$12+VLOOKUP("25",Inputs!$A$29:$K$33,8,FALSE())*(Inputs!$B$25/14)*Inputs!$B$13),C47*((VLOOKUP("25",Inputs!$A$29:$K$33,3,FALSE())*(Inputs!$B$25/14)*Inputs!$B$5+VLOOKUP("25",Inputs!$A$29:$K$33,4,FALSE())*(Inputs!$B$25/14)*Inputs!$B$12+VLOOKUP("25",Inputs!$A$29:$K$33,5,FALSE())*(Inputs!$B$25/14)*Inputs!$B$13)+Inputs!$B$18)+(1-C47)*((INDEX(Inputs!$A$37:$C$37,1,1)*(Inputs!$B$25/14)*Inputs!$B$5+INDEX(Inputs!$A$37:$C$37,1,2)*(Inputs!$B$25/14)*Inputs!$B$12+INDEX(Inputs!$A$37:$C$37,1,3)*(Inputs!$B$25/14)*Inputs!$B$13))) -> 325.37528 | E47: =0 -> 0 | F47: =(INDEX(Inputs!$A$37:$C$37,1,1)*(Inputs!$B$25/14)*Inputs!$B$5+INDEX(Inputs!$A$37:$C$37,1,2)*(Inputs!$B$25/14)*Inputs!$B$12+INDEX(Inputs!$A$37:$C$37,1,3)*(Inputs!$B$25/14)*Inputs!$B$13) -> 327.59593
A48: 8 | B48: =A48<=Inputs!$B$17 -> FALSE | C48: =IF(A48=2,C47*(1-Inputs!$B$22),C47) -> 0.414 | D48: =IF(B48,C48*(VLOOKUP("25",Inputs!$A$29:$K$33,3,FALSE())*(Inputs!$B$25/14)*Inputs!$B$5+VLOOKUP("25",Inputs!$A$29:$K$33,4,FALSE())*(Inputs!$B$25/14)*Inputs!$B$12+VLOOKUP("25",Inputs!$A$29:$K$33,5,FALSE())*(Inputs!$B$25/14)*Inputs!$B$13)+(1-C48)*(VLOOKUP("25",Inputs!$A$29:$K$33,6,FALSE())*(Inputs!$B$25/14)*Inputs!$B$5+VLOOKUP("25",Inputs!$A$29:$K$33,7,FALSE())*(Inputs!$B$25/14)*Inputs!$B$12+VLOOKUP("25",Inputs!$A$29:$K$33,8,FALSE())*(Inputs!$B$25/14)*Inputs!$B$13),C48*((VLOOKUP("25",Inputs!$A$29:$K$33,3,FALSE())*(Inputs!$B$25/14)*Inputs!$B$5+VLOOKUP("25",Inputs!$A$29:$K$33,4,FALSE())*(Inputs!$B$25/14)*Inputs!$B$12+VLOOKUP("25",Inputs!$A$29:$K$33,5,FALSE())*(Inputs!$B$25/14)*Inputs!$B$13)+Inputs!$B$18)+(1-C48)*((INDEX(Inputs!$A$37:$C$37,1,1)*(Inputs!$B$25/14)*Inputs!$B$5+INDEX(Inputs!$A$37:$C$37,1,2)*(Inputs!$B$25/14)*Inputs!$B$12+INDEX(Inputs!$A$37:$C$37,1,3)*(Inputs!$B$25/14)*Inputs!$B$13))) -> 325.37528 | E48: =0 -> 0 | F48: =(INDEX(Inputs!$A$37:$C$37,1,1)*(Inputs!$B$25/14)*Inputs!$B$5+INDEX(Inputs!$A$37:$C$37,1,2)*(Inputs!$B$25/14)*Inputs!$B$12+INDEX(Inputs!$A$37:$C$37,1,3)*(Inputs!$B$25/14)*Inputs!$B$13) -> 327.59593
A49: 9 | B49: =A49<=Inputs!$B$17 -> FALSE | C49: =IF(A49=2,C48*(1-Inputs!$B$22),C48) -> 0.414 | D49: =IF(B49,C49*(VLOOKUP("25",Inputs!$A$29:$K$33,3,FALSE())*(Inputs!$B$25/14)*Inputs!$B$5+VLOOKUP("25",Inputs!$A$29:$K$33,4,FALSE())*(Inputs!$B$25/14)*Inputs!$B$12+VLOOKUP("25",Inputs!$A$29:$K$33,5,FALSE())*(Inputs!$B$25/14)*Inputs!$B$13)+(1-C49)*(VLOOKUP("25",Inputs!$A$29:$K$33,6,FALSE())*(Inputs!$B$25/14)*Inputs!$B$5+VLOOKUP("25",Inputs!$A$29:$K$33,7,FALSE())*(Inputs!$B$25/14)*Inputs!$B$12+VLOOKUP("25",Inputs!$A$29:$K$33,8,FALSE())*(Inputs!$B$25/14)*Inputs!$B$13),C49*((VLOOKUP("25",Inputs!$A$29:$K$33,3,FALSE())*(Inputs!$B$25/14)*Inputs!$B$5+VLOOKUP("25",Inputs!$A$29:$K$33,4,FALSE())*(Inputs!$B$25/14)*Inputs!$B$12+VLOOKUP("25",Inputs!$A$29:$K$33,5,FALSE())*(Inputs!$B$25/14)*Inputs!$B$13)+Inputs!$B$18)+(1-C49)*((INDEX(Inputs!$A$37:$C$37,1,1)*(Inputs!$B$25/14)*Inputs!$B$5+INDEX(Inputs!$A$37:$C$37,1,2)*(Inputs!$B$25/14)*Inputs!$B$12+INDEX(Inputs!$A$37:$C$37,1,3)*(Inputs!$B$25/14)*Inputs!$B$13))) -> 325.37528 | E49: =0 -> 0 | F49: =(INDEX(Inputs!$A$37:$C$37,1,1)*(Inputs!$B$25/14)*Inputs!$B$5+INDEX(Inputs!$A$37:$C$37,1,2)*(Inputs!$B$25/14)*Inputs!$B$12+INDEX(Inputs!$A$37:$C$37,1,3)*(Inputs!$B$25/14)*Inputs!$B$13) -> 327.59593
A50: 10 | B50: =A50<=Inputs!$B$17 -> FALSE | C50: =IF(A50=2,C49*(1-Inputs!$B$22),C49) -> 0.414 | D50: =IF(B50,C50*(VLOOKUP("25",Inputs!$A$29:$K$33,3,FALSE())*(Inputs!$B$25/14)*Inputs!$B$5+VLOOKUP("25",Inputs!$A$29:$K$33,4,FALSE())*(Inputs!$B$25/14)*Inputs!$B$12+VLOOKUP("25",Inputs!$A$29:$K$33,5,FALSE())*(Inputs!$B$25/14)*Inputs!$B$13)+(1-C50)*(VLOOKUP("25",Inputs!$A$29:$K$33,6,FALSE())*(Inputs!$B$25/14)*Inputs!$B$5+VLOOKUP("25",Inputs!$A$29:$K$33,7,FALSE())*(Inputs!$B$25/14)*Inputs!$B$12+VLOOKUP("25",Inputs!$A$29:$K$33,8,FALSE())*(Inputs!$B$25/14)*Inputs!$B$13),C50*((VLOOKUP("25",Inputs!$A$29:$K$33,3,FALSE())*(Inputs!$B$25/14)*Inputs!$B$5+VLOOKUP("25",Inputs!$A$29:$K$33,4,FALSE())*(Inputs!$B$25/14)*Inputs!$B$12+VLOOKUP("25",Inputs!$A$29:$K$33,5,FALSE())*(Inputs!$B$25/14)*Inputs!$B$13)+Inputs!$B$18)+(1-C50)*((INDEX(Inputs!$A$37:$C$37,1,1)*(Inputs!$B$25/14)*Inputs!$B$5+INDEX(Inputs!$A$37:$C$37,1,2)*(Inputs!$B$25/14)*Inputs!$B$12+INDEX(Inputs!$A$37:$C$37,1,3)*(Inputs!$B$25/14)*Inputs!$B$13))) -> 325.37528 | E50: =0 -> 0 | F50: =(INDEX(Inputs!$A$37:$C$37,1,1)*(Inputs!$B$25/14)*Inputs!$B$5+INDEX(Inputs!$A$37:$C$37,1,2)*(Inputs!$B$25/14)*Inputs!$B$12+INDEX(Inputs!$A$37:$C$37,1,3)*(Inputs!$B$25/14)*Inputs!$B$13) -> 327.59593
A51: 11 | B51: =A51<=Inputs!$B$17 -> FALSE | C51: =IF(A51=2,C50*(1-Inputs!$B$22),C50) -> 0.414 | D51: =IF(B51,C51*(VLOOKUP("25",Inputs!$A$29:$K$33,3,FALSE())*(Inputs!$B$25/14)*Inputs!$B$5+VLOOKUP("25",Inputs!$A$29:$K$33,4,FALSE())*(Inputs!$B$25/14)*Inputs!$B$12+VLOOKUP("25",Inputs!$A$29:$K$33,5,FALSE())*(Inputs!$B$25/14)*Inputs!$B$13)+(1-C51)*(VLOOKUP("25",Inputs!$A$29:$K$33,6,FALSE())*(Inputs!$B$25/14)*Inputs!$B$5+VLOOKUP("25",Inputs!$A$29:$K$33,7,FALSE())*(Inputs!$B$25/14)*Inputs!$B$12+VLOOKUP("25",Inputs!$A$29:$K$33,8,FALSE())*(Inputs!$B$25/14)*Inputs!$B$13),C51*((VLOOKUP("25",Inputs!$A$29:$K$33,3,FALSE())*(Inputs!$B$25/14)*Inputs!$B$5+VLOOKUP("25",Inputs!$A$29:$K$33,4,FALSE())*(Inputs!$B$25/14)*Inputs!$B$12+VLOOKUP("25",Inputs!$A$29:$K$33,5,FALSE())*(Inputs!$B$25/14)*Inputs!$B$13)+Inputs!$B$18)+(1-C51)*((INDEX(Inputs!$A$37:$C$37,1,1)*(Inputs!$B$25/14)*Inputs!$B$5+INDEX(Inputs!$A$37:$C$37,1,2)*(Inputs!$B$25/14)*Inputs!$B$12+INDEX(Inputs!$A$37:$C$37,1,3)*(Inputs!$B$25/14)*Inputs!$B$13))) -> 325.37528 | E51: =0 -> 0 | F51: =(INDEX(Inputs!$A$37:$C$37,1,1)*(Inputs!$B$25/14)*Inputs!$B$5+INDEX(Inputs!$A$37:$C$37,1,2)*(Inputs!$B$25/14)*Inputs!$B$12+INDEX(Inputs!$A$37:$C$37,1,3)*(Inputs!$B$25/14)*Inputs!$B$13) -> 327.59593
A52: 12 | B52: =A52<=Inputs!$B$17 -> FALSE | C52: =IF(A52=2,C51*(1-Inputs!$B$22),C51) -> 0.414 | D52: =IF(B52,C52*(VLOOKUP("25",Inputs!$A$29:$K$33,3,FALSE())*(Inputs!$B$25/14)*Inputs!$B$5+VLOOKUP("25",Inputs!$A$29:$K$33,4,FALSE())*(Inputs!$B$25/14)*Inputs!$B$12+VLOOKUP("25",Inputs!$A$29:$K$33,5,FALSE())*(Inputs!$B$25/14)*Inputs!$B$13)+(1-C52)*(VLOOKUP("25",Inputs!$A$29:$K$33,6,FALSE())*(Inputs!$B$25/14)*Inputs!$B$5+VLOOKUP("25",Inputs!$A$29:$K$33,7,FALSE())*(Inputs!$B$25/14)*Inputs!$B$12+VLOOKUP("25",Inputs!$A$29:$K$33,8,FALSE())*(Inputs!$B$25/14)*Inputs!$B$13),C52*((VLOOKUP("25",Inputs!$A$29:$K$33,3,FALSE())*(Inputs!$B$25/14)*Inputs!$B$5+VLOOKUP("25",Inputs!$A$29:$K$33,4,FALSE())*(Inputs!$B$25/14)*Inputs!$B$12+VLOOKUP("25",Inputs!$A$29:$K$33,5,FALSE())*(Inputs!$B$25/14)*Inputs!$B$13)+Inputs!$B$18)+(1-C52)*((INDEX(Inputs!$A$37:$C$37,1,1)*(Inputs!$B$25/14)*Inputs!$B$5+INDEX(Inputs!$A$37:$C$37,1,2)*(Inputs!$B$25/14)*Inputs!$B$12+INDEX(Inputs!$A$37:$C$37,1,3)*(Inputs!$B$25/14)*Inputs!$B$13))) -> 325.37528 | E52: =0 -> 0 | F52: =(INDEX(Inputs!$A$37:$C$37,1,1)*(Inputs!$B$25/14)*Inputs!$B$5+INDEX(Inputs!$A$37:$C$37,1,2)*(Inputs!$B$25/14)*Inputs!$B$12+INDEX(Inputs!$A$37:$C$37,1,3)*(Inputs!$B$25/14)*Inputs!$B$13) -> 327.59593
A53: Total | D53: =SUM(D41:D52) -> 3565.4536 | F53: =SUM(F41:F52) -> 3913.4143
A55: Scenario: 25% / none / non-resp use = baseline
A56: Cycle | B56: Free trial? | C56: gCore resp % | D56: gCore cost (£) | E56: SoC resp % | F56: SoC cost (£)
A57: 1 | B57: =A57<=Inputs!$B$17 -> TRUE | C57: =VLOOKUP("25",Inputs!$A$29:$K$33,2,FALSE()) -> 0.6 | D57: =IF(B57,C57*(VLOOKUP("25",Inputs!$A$29:$K$33,3,FALSE())*(Inputs!$B$25/14)*Inputs!$B$5+VLOOKUP("25",Inputs!$A$29:$K$33,4,FALSE())*(Inputs!$B$25/14)*Inputs!$B$12+VLOOKUP("25",Inputs!$A$29:$K$33,5,FALSE())*(Inputs!$B$25/14)*Inputs!$B$13)+(1-C57)*(VLOOKUP("25",Inputs!$A$29:$K$33,6,FALSE())*(Inputs!$B$25/14)*Inputs!$B$5+VLOOKUP("25",Inputs!$A$29:$K$33,7,FALSE())*(Inputs!$B$25/14)*Inputs!$B$12+VLOOKUP("25",Inputs!$A$29:$K$33,8,FALSE())*(Inputs!$B$25/14)*Inputs!$B$13),C57*((VLOOKUP("25",Inputs!$A$29:$K$33,3,FALSE())*(Inputs!$B$25/14)*Inputs!$B$5+VLOOKUP("25",Inputs!$A$29:$K$33,4,FALSE())*(Inputs!$B$25/14)*Inputs!$B$12+VLOOKUP("25",Inputs!$A$29:$K$33,5,FALSE())*(Inputs!$B$25/14)*Inputs!$B$13)+Inputs!$B$18)+(1-C57)*((VLOOKUP("25",Inputs!$A$29:$K$33,9,FALSE())*(Inputs!$B$25/14)*Inputs!$B$5+VLOOKUP("25",Inputs!$A$29:$K$33,10,FALSE())*(Inputs!$B$25/14)*Inputs!$B$12+VLOOKUP("25",Inputs!$A$29:$K$33,11,FALSE())*(Inputs!$B$25/14)*Inputs!$B$13))) -> 189.05901 | E57: =Inputs!$B$21 -> 0.083 | F57: =E57*(VLOOKUP("25",Inputs!$A$29:$K$33,3,FALSE())*(Inputs!$B$25/14)*Inputs!$B$5+VLOOKUP("25",Inputs!$A$29:$K$33,4,FALSE())*(Inputs!$B$25/14)*Inputs!$B$12+VLOOKUP("25",Inputs!$A$29:$K$33,5,FALSE())*(Inputs!$B$25/14)*Inputs!$B$13)+(1-E57)*(INDEX(Inputs!$A$37:$C$37,1,1)*(Inputs!$B$25/14)*Inputs!$B$5+INDEX(Inputs!$A$37:$C$37,1,2)*(Inputs!$B$25/14)*Inputs!$B$12+INDEX(Inputs!$A$37:$C$37,1,3)*(Inputs!$B$25/14)*Inputs!$B$13) -> 309.85906
A58: 2 | B58: =A58<=Inputs!$B$17 -> TRUE | C58: =IF(A58=2,C57*(1-Inputs!$B$22),C57) -> 0.414 | D58: =IF(B58,C58*(VLOOKUP("25",Inputs!$A$29:$K$33,3,FALSE())*(Inputs!$B$25/14)*Inputs!$B$5+VLOOKUP("25",Inputs!$A$29:$K$33,4,FALSE())*(Inputs!$B$25/14)*Inputs!$B$12+VLOOKUP("25",Inputs!$A$29:$K$33,5,FALSE())*(Inputs!$B$25/14)*Inputs!$B$13)+(1-C58)*(VLOOKUP("25",Inputs!$A$29:$K$33,6,FALSE())*(Inputs!$B$25/14)*Inputs!$B$5+VLOOKUP("25",Inputs!$A$29:$K$33,7,FALSE())*(Inputs!$B$25/14)*Inputs!$B$12+VLOOKUP("25",Inputs!$A$29:$K$33,8,FALSE())*(Inputs!$B$25/14)*Inputs!$B$13),C58*((VLOOKUP("25",Inputs!$A$29:$K$33,3,FALSE())*(Inputs!$B$25/14)*Inputs!$B$5+VLOOKUP("25",Inputs!$A$29:$K$33,4,FALSE())*(Inputs!$B$25/14)*Inputs!$B$12+VLOOKUP("25",Inputs!$A$29:$K$33,5,FALSE())*(Inputs!$B$25/14)*Inputs!$B$13)+Inputs!$B$18)+(1-C58)*((VLOOKUP("25",Inputs!$A$29:$K$33,9,FALSE())*(Inputs!$B$25/14)*Inputs!$B$5+VLOOKUP("25",Inputs!$A$29:$K$33,10,FALSE())*(Inputs!$B$25/14)*Inputs!$B$12+VLOOKUP("25",Inputs!$A$29:$K$33,11,FALSE())*(Inputs!$B$25/14)*Inputs!$B$13))) -> 224.00855 | E58: =0 -> 0 | F58: =(INDEX(Inputs!$A$37:$C$37,1,1)*(Inputs!$B$25/14)*Inputs!$B$5+INDEX(Inputs!$A$37:$C$37,1,2)*(Inputs!$B$25/14)*Inputs!$B$12+INDEX(Inputs!$A$37:$C$37,1,3)*(Inputs!$B$25/14)*Inputs!$B$13) -> 327.59593
A59: 3 | B59: =A59<=Inputs!$B$17 -> TRUE | C59: =IF(A59=2,C58*(1-Inputs!$B$22),C58) -> 0.414 | D59: =IF(B59,C59*(VLOOKUP("25",Inputs!$A$29:$K$33,3,FALSE())*(Inputs!$B$25/14)*Inputs!$B$5+VLOOKUP("25",Inputs!$A$29:$K$33,4,FALSE())*(Inputs!$B$25/14)*Inputs!$B$12+VLOOKUP("25",Inputs!$A$29:$K$33,5,FALSE())*(Inputs!$B$25/14)*Inputs!$B$13)+(1-C59)*(VLOOKUP("25",Inputs!$A$29:$K$33,6,FALSE())*(Inputs!$B$25/14)*Inputs!$B$5+VLOOKUP("25",Inputs!$A$29:$K$33,7,FALSE())*(Inputs!$B$25/14)*Inputs!$B$12+VLOOKUP("25",Inputs!$A$29:$K$33,8,FALSE())*(Inputs!$B$25/14)*Inputs!$B$13),C59*((VLOOKUP("25",Inputs!$A$29:$K$33,3,FALSE())*(Inputs!$B$25/14)*Inputs!$B$5+VLOOKUP("25",Inputs!$A$29:$K$33,4,FALSE())*(Inputs!$B$25/14)*Inputs!$B$12+VLOOKUP("25",Inputs!$A$29:$K$33,5,FALSE())*(Inputs!$B$25/14)*Inputs!$B$13)+Inputs!$B$18)+(1-C59)*((VLOOKUP("25",Inputs!$A$29:$K$33,9,FALSE())*(Inputs!$B$25/14)*Inputs!$B$5+VLOOKUP("25",Inputs!$A$29:$K$33,10,FALSE())*(Inputs!$B$25/14)*Inputs!$B$12+VLOOKUP("25",Inputs!$A$29:$K$33,11,FALSE())*(Inputs!$B$25/14)*Inputs!$B$13))) -> 224.00855 | E59: =0 -> 0 | F59: =(INDEX(Inputs!$A$37:$C$37,1,1)*(Inputs!$B$25/14)*Inputs!$B$5+INDEX(Inputs!$A$37:$C$37,1,2)*(Inputs!$B$25/14)*Inputs!$B$12+INDEX(Inputs!$A$37:$C$37,1,3)*(Inputs!$B$25/14)*Inputs!$B$13) -> 327.59593
A60: 4 | B60: =A60<=Inputs!$B$17 -> FALSE | C60: =IF(A60=2,C59*(1-Inputs!$B$22),C59) -> 0.414 | D60: =IF(B60,C60*(VLOOKUP("25",Inputs!$A$29:$K$33,3,FALSE())*(Inputs!$B$25/14)*Inputs!$B$5+VLOOKUP("25",Inputs!$A$29:$K$33,4,FALSE())*(Inputs!$B$25/14)*Inputs!$B$12+VLOOKUP("25",Inputs!$A$29:$K$33,5,FALSE())*(Inputs!$B$25/14)*Inputs!$B$13)+(1-C60)*(VLOOKUP("25",Inputs!$A$29:$K$33,6,FALSE())*(Inputs!$B$25/14)*Inputs!$B$5+VLOOKUP("25",Inputs!$A$29:$K$33,7,FALSE())*(Inputs!$B$25/14)*Inputs!$B$12+VLOOKUP("25",Inputs!$A$29:$K$33,8,FALSE())*(Inputs!$B$25/14)*Inputs!$B$13),C60*((VLOOKUP("25",Inputs!$A$29:$K$33,3,FALSE())*(Inputs!$B$25/14)*Inputs!$B$5+VLOOKUP("25",Inputs!$A$29:$K$33,4,FALSE())*(Inputs!$B$25/14)*Inputs!$B$12+VLOOKUP("25",Inputs!$A$29:$K$33,5,FALSE())*(Inputs!$B$25/14)*Inputs!$B$13)+Inputs!$B$18)+(1-C60)*((VLOOKUP("25",Inputs!$A$29:$K$33,9,FALSE())*(Inputs!$B$25/14)*Inputs!$B$5+VLOOKUP("25",Inputs!$A$29:$K$33,10,FALSE())*(Inputs!$B$25/14)*Inputs!$B$12+VLOOKUP("25",Inputs!$A$29:$K$33,11,FALSE())*(Inputs!$B$25/14)*Inputs!$B$13))) -> 272.06032 | E60: =0 -> 0 | F60: =(INDEX(Inputs!$A$37:$C$37,1,1)*(Inputs!$B$25/14)*Inputs!$B$5+INDEX(Inputs!$A$37:$C$37,1,2)*(Inputs!$B$25/14)*Inputs!$B$12+INDEX(Inputs!$A$37:$C$37,1,3)*(Inputs!$B$25/14)*Inputs!$B$13) -> 327.59593
A61: 5 | B61: =A61<=Inputs!$B$17 -> FALSE | C61: =IF(A61=2,C60*(1-Inputs!$B$22),C60) -> 0.414 | D61: =IF(B61,C61*(VLOOKUP("25",Inputs!$A$29:$K$33,3,FALSE())*(Inputs!$B$25/14)*Inputs!$B$5+VLOOKUP("25",Inputs!$A$29:$K$33,4,FALSE())*(Inputs!$B$25/14)*Inputs!$B$12+VLOOKUP("25",Inputs!$A$29:$K$33,5,FALSE())*(Inputs!$B$25/14)*Inputs!$B$13)+(1-C61)*(VLOOKUP("25",Inputs!$A$29:$K$33,6,FALSE())*(Inputs!$B$25/14)*Inputs!$B$5+VLOOKUP("25",Inputs!$A$29:$K$33,7,FALSE())*(Inputs!$B$25/14)*Inputs!$B$12+VLOOKUP("25",Inputs!$A$29:$K$33,8,FALSE())*(Inputs!$B$25/14)*Inputs!$B$13),C61*((VLOOKUP("25",Inputs!$A$29:$K$33,3,FALSE())*(Inputs!$B$25/14)*Inputs!$B$5+VLOOKUP("25",Inputs!$A$29:$K$33,4,FALSE())*(Inputs!$B$25/14)*Inputs!$B$12+VLOOKUP("25",Inputs!$A$29:$K$33,5,FALSE())*(Inputs!$B$25/14)*Inputs!$B$13)+Inputs!$B$18)+(1-C61)*((VLOOKUP("25",Inputs!$A$29:$K$33,9,FALSE())*(Inputs!$B$25/14)*Inputs!$B$5+VLOOKUP("25",Inputs!$A$29:$K$33,10,FALSE())*(Inputs!$B$25/14)*Inputs!$B$12+VLOOKUP("25",Inputs!$A$29:$K$33,11,FALSE())*(Inputs!$B$25/14)*Inputs!$B$13))) -> 272.06032 | E61: =0 -> 0 | F61: =(INDEX(Inputs!$A$37:$C$37,1,1)*(Inputs!$B$25/14)*Inputs!$B$5+INDEX(Inputs!$A$37:$C$37,1,2)*(Inputs!$B$25/14)*Inputs!$B$12+INDEX(Inputs!$A$37:$C$37,1,3)*(Inputs!$B$25/14)*Inputs!$B$13) -> 327.59593
A62: 6 | B62: =A62<=Inputs!$B$17 -> FALSE | C62: =IF(A62=2,C61*(1-Inputs!$B$22),C61) -> 0.414 | D62: =IF(B62,C62*(VLOOKUP("25",Inputs!$A$29:$K$33,3,FALSE())*(Inputs!$B$25/14)*Inputs!$B$5+VLOOKUP("25",Inputs!$A$29:$K$33,4,FALSE())*(Inputs!$B$25/14)*Inputs!$B$12+VLOOKUP("25",Inputs!$A$29:$K$33,5,FALSE())*(Inputs!$B$25/14)*Inputs!$B$13)+(1-C62)*(VLOOKUP("25",Inputs!$A$29:$K$33,6,FALSE())*(Inputs!$B$25/14)*Inputs!$B$5+VLOOKUP("25",Inputs!$A$29:$K$33,7,FALSE())*(Inputs!$B$25/14)*Inputs!$B$12+VLOOKUP("25",Inputs!$A$29:$K$33,8,FALSE())*(Inputs!$B$25/14)*Inputs!$B$13),C62*((VLOOKUP("25",Inputs!$A$29:$K$33,3,FALSE())*(Inputs!$B$25/14)*Inputs!$B$5+VLOOKUP("25",Inputs!$A$29:$K$33,4,FALSE())*(Inputs!$B$25/14)*Inputs!$B$12+VLOOKUP("25",Inputs!$A$29:$K$33,5,FALSE())*(Inputs!$B$25/14)*Inputs!$B$13)+Inputs!$B$18)+(1-C62)*((VLOOKUP("25",Inputs!$A$29:$K$33,9,FALSE())*(Inputs!$B$25/14)*Inputs!$B$5+VLOOKUP("25",Inputs!$A$29:$K$33,10,FALSE())*(Inputs!$B$25/14)*Inputs!$B$12+VLOOKUP("25",Inputs!$A$29:$K$33,11,FALSE())*(Inputs!$B$25/14)*Inputs!$B$13))) -> 272.06032 | E62: =0 -> 0 | F62: =(INDEX(Inputs!$A$37:$C$37,1,1)*(Inputs!$B$25/14)*Inputs!$B$5+INDEX(Inputs!$A$37:$C$37,1,2)*(Inputs!$B$25/14)*Inputs!$B$12+INDEX(Inputs!$A$37:$C$37,1,3)*(Inputs!$B$25/14)*Inputs!$B$13) -> 327.59593
A63: 7 | B63: =A63<=Inputs!$B$17 -> FALSE | C63: =IF(A63=2,C62*(1-Inputs!$B$22),C62) -> 0.414 | D63: =IF(B63,C63*(VLOOKUP("25",Inputs!$A$29:$K$33,3,FALSE())*(Inputs!$B$25/14)*Inputs!$B$5+VLOOKUP("25",Inputs!$A$29:$K$33,4,FALSE())*(Inputs!$B$25/14)*Inputs!$B$12+VLOOKUP("25",Inputs!$A$29:$K$33,5,FALSE())*(Inputs!$B$25/14)*Inputs!$B$13)+(1-C63)*(VLOOKUP("25",Inputs!$A$29:$K$33,6,FALSE())*(Inputs!$B$25/14)*Inputs!$B$5+VLOOKUP("25",Inputs!$A$29:$K$33,7,FALSE())*(Inputs!$B$25/14)*Inputs!$B$12+VLOOKUP("25",Inputs!$A$29:$K$33,8,FALSE())*(Inputs!$B$25/14)*Inputs!$B$13),C63*((VLOOKUP("25",Inputs!$A$29:$K$33,3,FALSE())*(Inputs!$B$25/14)*Inputs!$B$5+VLOOKUP("25",Inputs!$A$29:$K$33,4,FALSE())*(Inputs!$B$25/14)*Inputs!$B$12+VLOOKUP("25",Inputs!$A$29:$K$33,5,FALSE())*(Inputs!$B$25/14)*Inputs!$B$13)+Inputs!$B$18)+(1-C63)*((VLOOKUP("25",Inputs!$A$29:$K$33,9,FALSE())*(Inputs!$B$25/14)*Inputs!$B$5+VLOOKUP("25",Inputs!$A$29:$K$33,10,FALSE())*(Inputs!$B$25/14)*Inputs!$B$12+VLOOKUP("25",Inputs!$A$29:$K$33,11,FALSE())*(Inputs!$B$25/14)*Inputs!$B$13))) -> 272.06032 | E63: =0 -> 0 | F63: =(INDEX(Inputs!$A$37:$C$37,1,1)*(Inputs!$B$25/14)*Inputs!$B$5+INDEX(Inputs!$A$37:$C$37,1,2)*(Inputs!$B$25/14)*Inputs!$B$12+INDEX(Inputs!$A$37:$C$37,1,3)*(Inputs!$B$25/14)*Inputs!$B$13) -> 327.59593
A64: 8 | B64: =A64<=Inputs!$B$17 -> FALSE | C64: =IF(A64=2,C63*(1-Inputs!$B$22),C63) -> 0.414 | D64: =IF(B64,C64*(VLOOKUP("25",Inputs!$A$29:$K$33,3,FALSE())*(Inputs!$B$25/14)*Inputs!$B$5+VLOOKUP("25",Inputs!$A$29:$K$33,4,FALSE())*(Inputs!$B$25/14)*Inputs!$B$12+VLOOKUP("25",Inputs!$A$29:$K$33,5,FALSE())*(Inputs!$B$25/14)*Inputs!$B$13)+(1-C64)*(VLOOKUP("25",Inputs!$A$29:$K$33,6,FALSE())*(Inputs!$B$25/14)*Inputs!$B$5+VLOOKUP("25",Inputs!$A$29:$K$33,7,FALSE())*(Inputs!$B$25/14)*Inputs!$B$12+VLOOKUP("25",Inputs!$A$29:$K$33,8,FALSE())*(Inputs!$B$25/14)*Inputs!$B$13),C64*((VLOOKUP("25",Inputs!$A$29:$K$33,3,FALSE())*(Inputs!$B$25/14)*Inputs!$B$5+VLOOKUP("25",Inputs!$A$29:$K$33,4,FALSE())*(Inputs!$B$25/14)*Inputs!$B$12+VLOOKUP("25",Inputs!$A$29:$K$33,5,FALSE())*(Inputs!$B$25/14)*Inputs!$B$13)+Inputs!$B$18)+(1-C64)*((VLOOKUP("25",Inputs!$A$29:$K$33,9,FALSE())*(Inputs!$B$25/14)*Inputs!$B$5+VLOOKUP("25",Inputs!$A$29:$K$33,10,FALSE())*(Inputs!$B$25/14)*Inputs!$B$12+VLOOKUP("25",Inputs!$A$29:$K$33,11,FALSE())*(Inputs!$B$25/14)*Inputs!$B$13))) -> 272.06032 | E64: =0 -> 0 | F64: =(INDEX(Inputs!$A$37:$C$37,1,1)*(Inputs!$B$25/14)*Inputs!$B$5+INDEX(Inputs!$A$37:$C$37,1,2)*(Inputs!$B$25/14)*Inputs!$B$12+INDEX(Inputs!$A$37:$C$37,1,3)*(Inputs!$B$25/14)*Inputs!$B$13) -> 327.59593
A65: 9 | B65: =A65<=Inputs!$B$17 -> FALSE | C65: =IF(A65=2,C64*(1-Inputs!$B$22),C64) -> 0.414 | D65: =IF(B65,C65*(VLOOKUP("25",Inputs!$A$29:$K$33,3,FALSE())*(Inputs!$B$25/14)*Inputs!$B$5+VLOOKUP("25",Inputs!$A$29:$K$33,4,FALSE())*(Inputs!$B$25/14)*Inputs!$B$12+VLOOKUP("25",Inputs!$A$29:$K$33,5,FALSE())*(Inputs!$B$25/14)*Inputs!$B$13)+(1-C65)*(VLOOKUP("25",Inputs!$A$29:$K$33,6,FALSE())*(Inputs!$B$25/14)*Inputs!$B$5+VLOOKUP("25",Inputs!$A$29:$K$33,7,FALSE())*(Inputs!$B$25/14)*Inputs!$B$12+VLOOKUP("25",Inputs!$A$29:$K$33,8,FALSE())*(Inputs!$B$25/14)*Inputs!$B$13),C65*((VLOOKUP("25",Inputs!$A$29:$K$33,3,FALSE())*(Inputs!$B$25/14)*Inputs!$B$5+VLOOKUP("25",Inputs!$A$29:$K$33,4,FALSE())*(Inputs!$B$25/14)*Inputs!$B$12+VLOOKUP("25",Inputs!$A$29:$K$33,5,FALSE())*(Inputs!$B$25/14)*Inputs!$B$13)+Inputs!$B$18)+(1-C65)*((VLOOKUP("25",Inputs!$A$29:$K$33,9,FALSE())*(Inputs!$B$25/14)*Inputs!$B$5+VLOOKUP("25",Inputs!$A$29:$K$33,10,FALSE())*(Inputs!$B$25/14)*Inputs!$B$12+VLOOKUP("25",Inputs!$A$29:$K$33,11,FALSE())*(Inputs!$B$25/14)*Inputs!$B$13))) -> 272.06032 | E65: =0 -> 0 | F65: =(INDEX(Inputs!$A$37:$C$37,1,1)*(Inputs!$B$25/14)*Inputs!$B$5+INDEX(Inputs!$A$37:$C$37,1,2)*(Inputs!$B$25/14)*Inputs!$B$12+INDEX(Inputs!$A$37:$C$37,1,3)*(Inputs!$B$25/14)*Inputs!$B$13) -> 327.59593
A66: 10 | B66: =A66<=Inputs!$B$17 -> FALSE | C66: =IF(A66=2,C65*(1-Inputs!$B$22),C65) -> 0.414 | D66: =IF(B66,C66*(VLOOKUP("25",Inputs!$A$29:$K$33,3,FALSE())*(Inputs!$B$25/14)*Inputs!$B$5+VLOOKUP("25",Inputs!$A$29:$K$33,4,FALSE())*(Inputs!$B$25/14)*Inputs!$B$12+VLOOKUP("25",Inputs!$A$29:$K$33,5,FALSE())*(Inputs!$B$25/14)*Inputs!$B$13)+(1-C66)*(VLOOKUP("25",Inputs!$A$29:$K$33,6,FALSE())*(Inputs!$B$25/14)*Inputs!$B$5+VLOOKUP("25",Inputs!$A$29:$K$33,7,FALSE())*(Inputs!$B$25/14)*Inputs!$B$12+VLOOKUP("25",Inputs!$A$29:$K$33,8,FALSE())*(Inputs!$B$25/14)*Inputs!$B$13),C66*((VLOOKUP("25",Inputs!$A$29:$K$33,3,FALSE())*(Inputs!$B$25/14)*Inputs!$B$5+VLOOKUP("25",Inputs!$A$29:$K$33,4,FALSE())*(Inputs!$B$25/14)*Inputs!$B$12+VLOOKUP("25",Inputs!$A$29:$K$33,5,FALSE())*(Inputs!$B$25/14)*Inputs!$B$13)+Inputs!$B$18)+(1-C66)*((VLOOKUP("25",Inputs!$A$29:$K$33,9,FALSE())*(Inputs!$B$25/14)*Inputs!$B$5+VLOOKUP("25",Inputs!$A$29:$K$33,10,FALSE())*(Inputs!$B$25/14)*Inputs!$B$12+VLOOKUP("25",Inputs!$A$29:$K$33,11,FALSE())*(Inputs!$B$25/14)*Inputs!$B$13))) -> 272.06032 | E66: =0 -> 0 | F66: =(INDEX(Inputs!$A$37:$C$37,1,1)*(Inputs!$B$25/14)*Inputs!$B$5+INDEX(Inputs!$A$37:$C$37,1,2)*(Inputs!$B$25/14)*Inputs!$B$12+INDEX(Inputs!$A$37:$C$37,1,3)*(Inputs!$B$25/14)*Inputs!$B$13) -> 327.59593
A67: 11 | B67: =A67<=Inputs!$B$17 -> FALSE | C67: =IF(A67=2,C66*(1-Inputs!$B$22),C66) -> 0.414 | D67: =IF(B67,C67*(VLOOKUP("25",Inputs!$A$29:$K$33,3,FALSE())*(Inputs!$B$25/14)*Inputs!$B$5+VLOOKUP("25",Inputs!$A$29:$K$33,4,FALSE())*(Inputs!$B$25/14)*Inputs!$B$12+VLOOKUP("25",Inputs!$A$29:$K$33,5,FALSE())*(Inputs!$B$25/14)*Inputs!$B$13)+(1-C67)*(VLOOKUP("25",Inputs!$A$29:$K$33,6,FALSE())*(Inputs!$B$25/14)*Inputs!$B$5+VLOOKUP("25",Inputs!$A$29:$K$33,7,FALSE())*(Inputs!$B$25/14)*Inputs!$B$12+VLOOKUP("25",Inputs!$A$29:$K$33,8,FALSE())*(Inputs!$B$25/14)*Inputs!$B$13),C67*((VLOOKUP("25",Inputs!$A$29:$K$33,3,FALSE())*(Inputs!$B$25/14)*Inputs!$B$5+VLOOKUP("25",Inputs!$A$29:$K$33,4,FALSE())*(Inputs!$B$25/14)*Inputs!$B$12+VLOOKUP("25",Inputs!$A$29:$K$33,5,FALSE())*(Inputs!$B$25/14)*Inputs!$B$13)+Inputs!$B$18)+(1-C67)*((VLOOKUP("25",Inputs!$A$29:$K$33,9,FALSE())*(Inputs!$B$25/14)*Inputs!$B$5+VLOOKUP("25",Inputs!$A$29:$K$33,10,FALSE())*(Inputs!$B$25/14)*Inputs!$B$12+VLOOKUP("25",Inputs!$A$29:$K$33,11,FALSE())*(Inputs!$B$25/14)*Inputs!$B$13))) -> 272.06032 | E67: =0 -> 0 | F67: =(INDEX(Inputs!$A$37:$C$37,1,1)*(Inputs!$B$25/14)*Inputs!$B$5+INDEX(Inputs!$A$37:$C$37,1,2)*(Inputs!$B$25/14)*Inputs!$B$12+INDEX(Inputs!$A$37:$C$37,1,3)*(Inputs!$B$25/14)*Inputs!$B$13) -> 327.59593
A68: 12 | B68: =A68<=Inputs!$B$17 -> FALSE | C68: =IF(A68=2,C67*(1-Inputs!$B$22),C67) -> 0.414 | D68: =IF(B68,C68*(VLOOKUP("25",Inputs!$A$29:$K$33,3,FALSE())*(Inputs!$B$25/14)*Inputs!$B$5+VLOOKUP("25",Inputs!$A$29:$K$33,4,FALSE())*(Inputs!$B$25/14)*Inputs!$B$12+VLOOKUP("25",Inputs!$A$29:$K$33,5,FALSE())*(Inputs!$B$25/14)*Inputs!$B$13)+(1-C68)*(VLOOKUP("25",Inputs!$A$29:$K$33,6,FALSE())*(Inputs!$B$25/14)*Inputs!$B$5+VLOOKUP("25",Inputs!$A$29:$K$33,7,FALSE())*(Inputs!$B$25/14)*Inputs!$B$12+VLOOKUP("25",Inputs!$A$29:$K$33,8,FALSE())*(Inputs!$B$25/14)*Inputs!$B$13),C68*((VLOOKUP("25",Inputs!$A$29:$K$33,3,FALSE())*(Inputs!$B$25/14)*Inputs!$B$5+VLOOKUP("25",Inputs!$A$29:$K$33,4,FALSE())*(Inputs!$B$25/14)*Inputs!$B$12+VLOOKUP("25",Inputs!$A$29:$K$33,5,FALSE())*(Inputs!$B$25/14)*Inputs!$B$13)+Inputs!$B$18)+(1-C68)*((VLOOKUP("25",Inputs!$A$29:$K$33,9,FALSE())*(Inputs!$B$25/14)*Inputs!$B$5+VLOOKUP("25",Inputs!$A$29:$K$33,10,FALSE())*(Inputs!$B$25/14)*Inputs!$B$12+VLOOKUP("25",Inputs!$A$29:$K$33,11,FALSE())*(Inputs!$B$25/14)*Inputs!$B$13))) -> 272.06032 | E68: =0 -> 0 | F68: =(INDEX(Inputs!$A$37:$C$37,1,1)*(Inputs!$B$25/14)*Inputs!$B$5+INDEX(Inputs!$A$37:$C$37,1,2)*(Inputs!$B$25/14)*Inputs!$B$12+INDEX(Inputs!$A$37:$C$37,1,3)*(Inputs!$B$25/14)*Inputs!$B$13) -> 327.59593
A69: Total | D69: =SUM(D57:D68) -> 3085.619 | F69: =SUM(F57:F68) -> 3913.4143
A71: Scenario: 25% / constant / non-resp use = soc
A72: Cycle | B72: Free trial? | C72: gCore resp % | D72: gCore cost (£) | E72: SoC resp % | F72: SoC cost (£)
A73: 1 | B73: =A73<=Inputs!$B$17 -> TRUE | C73: =VLOOKUP("25",Inputs!$A$29:$K$33,2,FALSE()) -> 0.6 | D73: =IF(B73,C73*(VLOOKUP("25",Inputs!$A$29:$K$33,3,FALSE())*(Inputs!$B$25/14)*Inputs!$B$5+VLOOKUP("25",Inputs!$A$29:$K$33,4,FALSE())*(Inputs!$B$25/14)*Inputs!$B$12+VLOOKUP("25",Inputs!$A$29:$K$33,5,FALSE())*(Inputs!$B$25/14)*Inputs!$B$13)+(1-C73)*(VLOOKUP("25",Inputs!$A$29:$K$33,6,FALSE())*(Inputs!$B$25/14)*Inputs!$B$5+VLOOKUP("25",Inputs!$A$29:$K$33,7,FALSE())*(Inputs!$B$25/14)*Inputs!$B$12+VLOOKUP("25",Inputs!$A$29:$K$33,8,FALSE())*(Inputs!$B$25/14)*Inputs!$B$13),C73*((VLOOKUP("25",Inputs!$A$29:$K$33,3,FALSE())*(Inputs!$B$25/14)*Inputs!$B$5+VLOOKUP("25",Inputs!$A$29:$K$33,4,FALSE())*(Inputs!$B$25/14)*Inputs!$B$12+VLOOKUP("25",Inputs!$A$29:$K$33,5,FALSE())*(Inputs!$B$25/14)*Inputs!$B$13)+Inputs!$B$18)+(1-C73)*((INDEX(Inputs!$A$37:$C$37,1,1)*(Inputs!$B$25/14)*Inputs!$B$5+INDEX(Inputs!$A$37:$C$37,1,2)*(Inputs!$B$25/14)*Inputs!$B$12+INDEX(Inputs!$A$37:$C$37,1,3)*(Inputs!$B$25/14)*Inputs!$B$13))) -> 189.05901 | E73: =Inputs!$B$21 -> 0.083 | F73: =E73*(VLOOKUP("25",Inputs!$A$29:$K$33,3,FALSE())*(Inputs!$B$25/14)*Inputs!$B$5+VLOOKUP("25",Inputs!$A$29:$K$33,4,FALSE())*(Inputs!$B$25/14)*Inputs!$B$12+VLOOKUP("25",Inputs!$A$29:$K$33,5,FALSE())*(Inputs!$B$25/14)*Inputs!$B$13)+(1-E73)*(INDEX(Inputs!$A$37:$C$37,1,1)*(Inputs!$B$25/14)*Inputs!$B$5+INDEX(Inputs!$A$37:$C$37,1,2)*(Inputs!$B$25/14)*Inputs!$B$12+INDEX(Inputs!$A$37:$C$37,1,3)*(Inputs!$B$25/14)*Inputs!$B$13) -> 309.85906
A74: 2 | B74: =A74<=Inputs!$B$17 -> TRUE | C74: =C73*(1-Inputs!$B$22) -> 0.414 | D74: =IF(B74,C74*(VLOOKUP("25",Inputs!$A$29:$K$33,3,FALSE())*(Inputs!$B$25/14)*Inputs!$B$5+VLOOKUP("25",Inputs!$A$29:$K$33,4,FALSE())*(Inputs!$B$25/14)*Inputs!$B$12+VLOOKUP("25",Inputs!$A$29:$K$33,5,FALSE())*(Inputs!$B$25/14)*Inputs!$B$13)+(1-C74)*(VLOOKUP("25",Inputs!$A$29:$K$33,6,FALSE())*(Inputs!$B$25/14)*Inputs!$B$5+VLOOKUP("25",Inputs!$A$29:$K$33,7,FALSE())*(Inputs!$B$25/14)*Inputs!$B$12+VLOOKUP("25",Inputs!$A$29:$K$33,8,FALSE())*(Inputs!$B$25/14)*Inputs!$B$13),C74*((VLOOKUP("25",Inputs!$A$29:$K$33,3,FALSE())*(Inputs!$B$25/14)*Inputs!$B$5+VLOOKUP("25",Inputs!$A$29:$K$33,4,FALSE())*(Inputs!$B$25/14)*Inputs!$B$12+VLOOKUP("25",Inputs!$A$29:$K$33,5,FALSE())*(Inputs!$B$25/14)*Inputs!$B$13)+Inputs!$B$18)+(1-C74)*((INDEX(Inputs!$A$37:$C$37,1,1)*(Inputs!$B$25/14)*Inputs!$B$5+INDEX(Inputs!$A$37:$C$37,1,2)*(Inputs!$B$25/14)*Inputs!$B$12+INDEX(Inputs!$A$37:$C$37,1,3)*(Inputs!$B$25/14)*Inputs!$B$13))) -> 224.00855 | E74: =0 -> 0 | F74: =(INDEX(Inputs!$A$37:$C$37,1,1)*(Inputs!$B$25/14)*Inputs!$B$5+INDEX(Inputs!$A$37:$C$37,1,2)*(Inputs!$B$25/14)*Inputs!$B$12+INDEX(Inputs!$A$37:$C$37,1,3)*(Inputs!$B$25/14)*Inputs!$B$13) -> 327.59593
A75: 3 | B75: =A75<=Inputs!$B$17 -> TRUE | C75: =C74*(1-Inputs!$B$22) -> 0.28566 | D75: =IF(B75,C75*(VLOOKUP("25",Inputs!$A$29:$K$33,3,FALSE())*(Inputs!$B$25/14)*Inputs!$B$5+VLOOKUP("25",Inputs!$A$29:$K$33,4,FALSE())*(Inputs!$B$25/14)*Inputs!$B$12+VLOOKUP("25",Inputs!$A$29:$K$33,5,FALSE())*(Inputs!$B$25/14)*Inputs!$B$13)+(1-C75)*(VLOOKUP("25",Inputs!$A$29:$K$33,6,FALSE())*(Inputs!$B$25/14)*Inputs!$B$5+VLOOKUP("25",Inputs!$A$29:$K$33,7,FALSE())*(Inputs!$B$25/14)*Inputs!$B$12+VLOOKUP("25",Inputs!$A$29:$K$33,8,FALSE())*(Inputs!$B$25/14)*Inputs!$B$13),C75*((VLOOKUP("25",Inputs!$A$29:$K$33,3,FALSE())*(Inputs!$B$25/14)*Inputs!$B$5+VLOOKUP("25",Inputs!$A$29:$K$33,4,FALSE())*(Inputs!$B$25/14)*Inputs!$B$12+VLOOKUP("25",Inputs!$A$29:$K$33,5,FALSE())*(Inputs!$B$25/14)*Inputs!$B$13)+Inputs!$B$18)+(1-C75)*((INDEX(Inputs!$A$37:$C$37,1,1)*(Inputs!$B$25/14)*Inputs!$B$5+INDEX(Inputs!$A$37:$C$37,1,2)*(Inputs!$B$25/14)*Inputs!$B$12+INDEX(Inputs!$A$37:$C$37,1,3)*(Inputs!$B$25/14)*Inputs!$B$13))) -> 248.12374 | E75: =0 -> 0 | F75: =(INDEX(Inputs!$A$37:$C$37,1,1)*(Inputs!$B$25/14)*Inputs!$B$5+INDEX(Inputs!$A$37:$C$37,1,2)*(Inputs!$B$25/14)*Inputs!$B$12+INDEX(Inputs!$A$37:$C$37,1,3)*(Inputs!$B$25/14)*Inputs!$B$13) -> 327.59593
A76: 4 | B76: =A76<=Inputs!$B$17 -> FALSE | C76: =C75*(1-Inputs!$B$22) -> 0.1971054 | D76: =IF(B76,C76*(VLOOKUP("25",Inputs!$A$29:$K$33,3,FALSE())*(Inputs!$B$25/14)*Inputs!$B$5+VLOOKUP("25",Inputs!$A$29:$K$33,4,FALSE())*(Inputs!$B$25/14)*Inputs!$B$12+VLOOKUP("25",Inputs!$A$29:$K$33,5,FALSE())*(Inputs!$B$25/14)*Inputs!$B$13)+(1-C76)*(VLOOKUP("25",Inputs!$A$29:$K$33,6,FALSE())*(Inputs!$B$25/14)*Inputs!$B$5+VLOOKUP("25",Inputs!$A$29:$K$33,7,FALSE())*(Inputs!$B$25/14)*Inputs!$B$12+VLOOKUP("25",Inputs!$A$29:$K$33,8,FALSE())*(Inputs!$B$25/14)*Inputs!$B$13),C76*((VLOOKUP("25",Inputs!$A$29:$K$33,3,FALSE())*(Inputs!$B$25/14)*Inputs!$B$5+VLOOKUP("25",Inputs!$A$29:$K$33,4,FALSE())*(Inputs!$B$25/14)*Inputs!$B$12+VLOOKUP("25",Inputs!$A$29:$K$33,5,FALSE())*(Inputs!$B$25/14)*Inputs!$B$13)+Inputs!$B$18)+(1-C76)*((INDEX(Inputs!$A$37:$C$37,1,1)*(Inputs!$B$25/14)*Inputs!$B$5+INDEX(Inputs!$A$37:$C$37,1,2)*(Inputs!$B$25/14)*Inputs!$B$12+INDEX(Inputs!$A$37:$C$37,1,3)*(Inputs!$B$25/14)*Inputs!$B$13))) -> 326.53868 | E76: =0 -> 0 | F76: =(INDEX(Inputs!$A$37:$C$37,1,1)*(Inputs!$B$25/14)*Inputs!$B$5+INDEX(Inputs!$A$37:$C$37,1,2)*(Inputs!$B$25/14)*Inputs!$B$12+INDEX(Inputs!$A$37:$C$37,1,3)*(Inputs!$B$25/14)*Inputs!$B$13) -> 327.59593
A77: 5 | B77: =A77<=Inputs!$B$17 -> FALSE | C77: =C76*(1-Inputs!$B$22) -> 0.13600273 | D77: =IF(B77,C77*(VLOOKUP("25",Inputs!$A$29:$K$33,3,FALSE())*(Inputs!$B$25/14)*Inputs!$B$5+VLOOKUP("25",Inputs!$A$29:$K$33,4,FALSE())*(Inputs!$B$25/14)*Inputs!$B$12+VLOOKUP("25",Inputs!$A$29:$K$33,5,FALSE())*(Inputs!$B$25/14)*Inputs!$B$13)+(1-C77)*(VLOOKUP("25",Inputs!$A$29:$K$33,6,FALSE())*(Inputs!$B$25/14)*Inputs!$B$5+VLOOKUP("25",Inputs!$A$29:$K$33,7,FALSE())*(Inputs!$B$25/14)*Inputs!$B$12+VLOOKUP("25",Inputs!$A$29:$K$33,8,FALSE())*(Inputs!$B$25/14)*Inputs!$B$13),C77*((VLOOKUP("25",Inputs!$A$29:$K$33,3,FALSE())*(Inputs!$B$25/14)*Inputs!$B$5+VLOOKUP("25",Inputs!$A$29:$K$33,4,FALSE())*(Inputs!$B$25/14)*Inputs!$B$12+VLOOKUP("25",Inputs!$A$29:$K$33,5,FALSE())*(Inputs!$B$25/14)*Inputs!$B$13)+Inputs!$B$18)+(1-C77)*((INDEX(Inputs!$A$37:$C$37,1,1)*(Inputs!$B$25/14)*Inputs!$B$5+INDEX(Inputs!$A$37:$C$37,1,2)*(Inputs!$B$25/14)*Inputs!$B$12+INDEX(Inputs!$A$37:$C$37,1,3)*(Inputs!$B$25/14)*Inputs!$B$13))) -> 326.86643 | E77: =0 -> 0 | F77: =(INDEX(Inputs!$A$37:$C$37,1,1)*(Inputs!$B$25/14)*Inputs!$B$5+INDEX(Inputs!$A$37:$C$37,1,2)*(Inputs!$B$25/14)*Inputs!$B$12+INDEX(Inputs!$A$37:$C$37,1,3)*(Inputs!$B$25/14)*Inputs!$B$13) -> 327.59593
A78: 6 | B78: =A78<=Inputs!$B$17 -> FALSE | C78: =C77*(1-Inputs!$B$22) -> 0.093841881 | D78: =IF(B78,C78*(VLOOKUP("25",Inputs!$A$29:$K$33,3,FALSE())*(Inputs!$B$25/14)*Inputs!$B$5+VLOOKUP("25",Inputs!$A$29:$K$33,4,FALSE())*(Inputs!$B$25/14)*Inputs!$B$12+VLOOKUP("25",Inputs!$A$29:$K$33,5,FALSE())*(Inputs!$B$25/14)*Inputs!$B$13)+(1-C78)*(VLOOKUP("25",Inputs!$A$29:$K$33,6,FALSE())*(Inputs!$B$25/14)*Inputs!$B$5+VLOOKUP("25",Inputs!$A$29:$K$33,7,FALSE())*(Inputs!$B$25/14)*Inputs!$B$12+VLOOKUP("25",Inputs!$A$29:$K$33,8,FALSE())*(Inputs!$B$25/14)*Inputs!$B$13),C78*((VLOOKUP("25",Inputs!$A$29:$K$33,3,FALSE())*(Inputs!$B$25/14)*Inputs!$B$5+VLOOKUP("25",Inputs!$A$29:$K$33,4,FALSE())*(Inputs!$B$25/14)*Inputs!$B$12+VLOOKUP("25",Inputs!$A$29:$K$33,5,FALSE())*(Inputs!$B$25/14)*Inputs!$B$13)+Inputs!$B$18)+(1-C78)*((INDEX(Inputs!$A$37:$C$37,1,1)*(Inputs!$B$25/14)*Inputs!$B$5+INDEX(Inputs!$A$37:$C$37,1,2)*(Inputs!$B$25/14)*Inputs!$B$12+INDEX(Inputs!$A$37:$C$37,1,3)*(Inputs!$B$25/14)*Inputs!$B$13))) -> 327.09257 | E78: =0 -> 0 | F78: =(INDEX(Inputs!$A$37:$C$37,1,1)*(Inputs!$B$25/14)*Inputs!$B$5+INDEX(Inputs!$A$37:$C$37,1,2)*(Inputs!$B$25/14)*Inputs!$B$12+INDEX(Inputs!$A$37:$C$37,1,3)*(Inputs!$B$25/14)*Inputs!$B$13) -> 327.59593
A79: 7 | B79: =A79<=Inputs!$B$17 -> FALSE | C79: =C78*(1-Inputs!$B$22) -> 0.064750898 | D79: =IF(B79,C79*(VLOOKUP("25",Inputs!$A$29:$K$33,3,FALSE())*(Inputs!$B$25/14)*Inputs!$B$5+VLOOKUP("25",Inputs!$A$29:$K$33,4,FALSE())*(Inputs!$B$25/14)*Inputs!$B$12+VLOOKUP("25",Inputs!$A$29:$K$33,5,FALSE())*(Inputs!$B$25/14)*Inputs!$B$13)+(1-C79)*(VLOOKUP("25",Inputs!$A$29:$K$33,6,FALSE())*(Inputs!$B$25/14)*Inputs!$B$5+VLOOKUP("25",Inputs!$A$29:$K$33,7,FALSE())*(Inputs!$B$25/14)*Inputs!$B$12+VLOOKUP("25",Inputs!$A$29:$K$33,8,FALSE())*(Inputs!$B$25/14)*Inputs!$B$13),C79*((VLOOKUP("25",Inputs!$A$29:$K$33,3,FALSE())*(Inputs!$B$25/14)*Inputs!$B$5+VLOOKUP("25",Inputs!$A$29:$K$33,4,FALSE())*(Inputs!$B$25/14)*Inputs!$B$12+VLOOKUP("25",Inputs!$A$29:$K$33,5,FALSE())*(Inputs!$B$25/14)*Inputs!$B$13)+Inputs!$B$18)+(1-C79)*((INDEX(Inputs!$A$37:$C$37,1,1)*(Inputs!$B$25/14)*Inputs!$B$5+INDEX(Inputs!$A$37:$C$37,1,2)*(Inputs!$B$25/14)*Inputs!$B$12+INDEX(Inputs!$A$37:$C$37,1,3)*(Inputs!$B$25/14)*Inputs!$B$13))) -> 327.24861 | E79: =0 -> 0 | F79: =(INDEX(Inputs!$A$37:$C$37,1,1)*(Inputs!$B$25/14)*Inputs!$B$5+INDEX(Inputs!$A$37:$C$37,1,2)*(Inputs!$B$25/14)*Inputs!$B$12+INDEX(Inputs!$A$37:$C$37,1,3)*(Inputs!$B$25/14)*Inputs!$B$13) -> 327.59593
A80: 8 | B80: =A80<=Inputs!$B$17 -> FALSE | C80: =C79*(1-Inputs!$B$22) -> 0.04467812 | D80: =IF(B80,C80*(VLOOKUP("25",Inputs!$A$29:$K$33,3,FALSE())*(Inputs!$B$25/14)*Inputs!$B$5+VLOOKUP("25",Inputs!$A$29:$K$33,4,FALSE())*(Inputs!$B$25/14)*Inputs!$B$12+VLOOKUP("25",Inputs!$A$29:$K$33,5,FALSE())*(Inputs!$B$25/14)*Inputs!$B$13)+(1-C80)*(VLOOKUP("25",Inputs!$A$29:$K$33,6,FALSE())*(Inputs!$B$25/14)*Inputs!$B$5+VLOOKUP("25",Inputs!$A$29:$K$33,7,FALSE())*(Inputs!$B$25/14)*Inputs!$B$12+VLOOKUP("25",Inputs!$A$29:$K$33,8,FALSE())*(Inputs!$B$25/14)*Inputs!$B$13),C80*((VLOOKUP("25",Inputs!$A$29:$K$33,3,FALSE())*(Inputs!$B$25/14)*Inputs!$B$5+VLOOKUP("25",Inputs!$A$29:$K$33,4,FALSE())*(Inputs!$B$25/14)*Inputs!$B$12+VLOOKUP("25",Inputs!$A$29:$K$33,5,FALSE())*(Inputs!$B$25/14)*Inputs!$B$13)+Inputs!$B$18)+(1-C80)*((INDEX(Inputs!$A$37:$C$37,1,1)*(Inputs!$B$25/14)*Inputs!$B$5+INDEX(Inputs!$A$37:$C$37,1,2)*(Inputs!$B$25/14)*Inputs!$B$12+INDEX(Inputs!$A$37:$C$37,1,3)*(Inputs!$B$25/14)*Inputs!$B$13))) -> 327.35628 | E80: =0 -> 0 | F80: =(INDEX(Inputs!$A$37:$C$37,1,1)*(Inputs!$B$25/14)*Inputs!$B$5+INDEX(Inputs!$A$37:$C$37,1,2)*(Inputs!$B$25/14)*Inputs!$B$12+INDEX(Inputs!$A$37:$C$37,1,3)*(Inputs!$B$25/14)*Inputs!$B$13) -> 327.59593
A81: 9 | B81: =A81<=Inputs!$B$17 -> FALSE | C81: =C80*(1-Inputs!$B$22) -> 0.030827902 | D81: =IF(B81,C81*(VLOOKUP("25",Inputs!$A$29:$K$33,3,FALSE())*(Inputs!$B$25/14)*Inputs!$B$5+VLOOKUP("25",Inputs!$A$29:$K$33,4,FALSE())*(Inputs!$B$25/14)*Inputs!$B$12+VLOOKUP("25",Inputs!$A$29:$K$33,5,FALSE())*(Inputs!$B$25/14)*Inputs!$B$13)+(1-C81)*(VLOOKUP("25",Inputs!$A$29:$K$33,6,FALSE())*(Inputs!$B$25/14)*Inputs!$B$5+VLOOKUP("25",Inputs!$A$29:$K$33,7,FALSE())*(Inputs!$B$25/14)*Inputs!$B$12+VLOOKUP("25",Inputs!$A$29:$K$33,8,FALSE())*(Inputs!$B$25/14)*Inputs!$B$13),C81*((VLOOKUP("25",Inputs!$A$29:$K$33,3,FALSE())*(Inputs!$B$25/14)*Inputs!$B$5+VLOOKUP("25",Inputs!$A$29:$K$33,4,FALSE())*(Inputs!$B$25/14)*Inputs!$B$12+VLOOKUP("25",Inputs!$A$29:$K$33,5,FALSE())*(Inputs!$B$25/14)*Inputs!$B$13)+Inputs!$B$18)+(1-C81)*((INDEX(Inputs!$A$37:$C$37,1,1)*(Inputs!$B$25/14)*Inputs!$B$5+INDEX(Inputs!$A$37:$C$37,1,2)*(Inputs!$B$25/14)*Inputs!$B$12+INDEX(Inputs!$A$37:$C$37,1,3)*(Inputs!$B$25/14)*Inputs!$B$13))) -> 327.43057 | E81: =0 -> 0 | F81: =(INDEX(Inputs!$A$37:$C$37,1,1)*(Inputs!$B$25/14)*Inputs!$B$5+INDEX(Inputs!$A$37:$C$37,1,2)*(Inputs!$B$25/14)*Inputs!$B$12+INDEX(Inputs!$A$37:$C$37,1,3)*(Inputs!$B$25/14)*Inputs!$B$13) -> 327.59593
A82: 10 | B82: =A82<=Inputs!$B$17 -> FALSE | C82: =C81*(1-Inputs!$B$22) -> 0.021271253 | D82: =IF(B82,C82*(VLOOKUP("25",Inputs!$A$29:$K$33,3,FALSE())*(Inputs!$B$25/14)*Inputs!$B$5+VLOOKUP("25",Inputs!$A$29:$K$33,4,FALSE())*(Inputs!$B$25/14)*Inputs!$B$12+VLOOKUP("25",Inputs!$A$29:$K$33,5,FALSE())*(Inputs!$B$25/14)*Inputs!$B$13)+(1-C82)*(VLOOKUP("25",Inputs!$A$29:$K$33,6,FALSE())*(Inputs!$B$25/14)*Inputs!$B$5+VLOOKUP("25",Inputs!$A$29:$K$33,7,FALSE())*(Inputs!$B$25/14)*Inputs!$B$12+VLOOKUP("25",Inputs!$A$29:$K$33,8,FALSE())*(Inputs!$B$25/14)*Inputs!$B$13),C82*((VLOOKUP("25",Inputs!$A$29:$K$33,3,FALSE())*(Inputs!$B$25/14)*Inputs!$B$5+VLOOKUP("25",Inputs!$A$29:$K$33,4,FALSE())*(Inputs!$B$25/14)*Inputs!$B$12+VLOOKUP("25",Inputs!$A$29:$K$33,5,FALSE())*(Inputs!$B$25/14)*Inputs!$B$13)+Inputs!$B$18)+(1-C82)*((INDEX(Inputs!$A$37:$C$37,1,1)*(Inputs!$B$25/14)*Inputs!$B$5+INDEX(Inputs!$A$37:$C$37,1,2)*(Inputs!$B$25/14)*Inputs!$B$12+INDEX(Inputs!$A$37:$C$37,1,3)*(Inputs!$B$25/14)*Inputs!$B$13))) -> 327.48183 | E82: =0 -> 0 | F82: =(INDEX(Inputs!$A$37:$C$37,1,1)*(Inputs!$B$25/14)*Inputs!$B$5+INDEX(Inputs!$A$37:$C$37,1,2)*(Inputs!$B$25/14)*Inputs!$B$12+INDEX(Inputs!$A$37:$C$37,1,3)*(Inputs!$B$25/14)*Inputs!$B$13) -> 327.59593
A83: 11 | B83: =A83<=Inputs!$B$17 -> FALSE | C83: =C82*(1-Inputs!$B$22) -> 0.014677164 | D83: =IF(B83,C83*(VLOOKUP("25",Inputs!$A$29:$K$33,3,FALSE())*(Inputs!$B$25/14)*Inputs!$B$5+VLOOKUP("25",Inputs!$A$29:$K$33,4,FALSE())*(Inputs!$B$25/14)*Inputs!$B$12+VLOOKUP("25",Inputs!$A$29:$K$33,5,FALSE())*(Inputs!$B$25/14)*Inputs!$B$13)+(1-C83)*(VLOOKUP("25",Inputs!$A$29:$K$33,6,FALSE())*(Inputs!$B$25/14)*Inputs!$B$5+VLOOKUP("25",Inputs!$A$29:$K$33,7,FALSE())*(Inputs!$B$25/14)*Inputs!$B$12+VLOOKUP("25",Inputs!$A$29:$K$33,8,FALSE())*(Inputs!$B$25/14)*Inputs!$B$13),C83*((VLOOKUP("25",Inputs!$A$29:$K$33,3,FALSE())*(Inputs!$B$25/14)*Inputs!$B$5+VLOOKUP("25",Inputs!$A$29:$K$33,4,FALSE())*(Inputs!$B$25/14)*Inputs!$B$12+VLOOKUP("25",Inputs!$A$29:$K$33,5,FALSE())*(Inputs!$B$25/14)*Inputs!$B$13)+Inputs!$B$18)+(1-C83)*((INDEX(Inputs!$A$37:$C$37,1,1)*(Inputs!$B$25/14)*Inputs!$B$5+INDEX(Inputs!$A$37:$C$37,1,2)*(Inputs!$B$25/14)*Inputs!$B$12+INDEX(Inputs!$A$37:$C$37,1,3)*(Inputs!$B$25/14)*Inputs!$B$13))) -> 327.51721 | E83: =0 -> 0 | F83: =(INDEX(Inputs!$A$37:$C$37,1,1)*(Inputs!$B$25/14)*Inputs!$B$5+INDEX(Inputs!$A$37:$C$37,1,2)*(Inputs!$B$25/14)*Inputs!$B$12+INDEX(Inputs!$A$37:$C$37,1,3)*(Inputs!$B$25/14)*Inputs!$B$13) -> 327.59593
A84: 12 | B84: =A84<=Inputs!$B$17 -> FALSE | C84: =C83*(1-Inputs!$B$22) -> 0.010127243 | D84: =IF(B84,C84*(VLOOKUP("25",Inputs!$A$29:$K$33,3,FALSE())*(Inputs!$B$25/14)*Inputs!$B$5+VLOOKUP("25",Inputs!$A$29:$K$33,4,FALSE())*(Inputs!$B$25/14)*Inputs!$B$12+VLOOKUP("25",Inputs!$A$29:$K$33,5,FALSE())*(Inputs!$B$25/14)*Inputs!$B$13)+(1-C84)*(VLOOKUP("25",Inputs!$A$29:$K$33,6,FALSE())*(Inputs!$B$25/14)*Inputs!$B$5+VLOOKUP("25",Inputs!$A$29:$K$33,7,FALSE())*(Inputs!$B$25/14)*Inputs!$B$12+VLOOKUP("25",Inputs!$A$29:$K$33,8,FALSE())*(Inputs!$B$25/14)*Inputs!$B$13),C84*((VLOOKUP("25",Inputs!$A$29:$K$33,3,FALSE())*(Inputs!$B$25/14)*Inputs!$B$5+VLOOKUP("25",Inputs!$A$29:$K$33,4,FALSE())*(Inputs!$B$25/14)*Inputs!$B$12+VLOOKUP("25",Inputs!$A$29:$K$33,5,FALSE())*(Inputs!$B$25/14)*Inputs!$B$13)+Inputs!$B$18)+(1-C84)*((INDEX(Inputs!$A$37:$C$37,1,1)*(Inputs!$B$25/14)*Inputs!$B$5+INDEX(Inputs!$A$37:$C$37,1,2)*(Inputs!$B$25/14)*Inputs!$B$12+INDEX(Inputs!$A$37:$C$37,1,3)*(Inputs!$B$25/14)*Inputs!$B$13))) -> 327.54161 | E84: =0 -> 0 | F84: =(INDEX(Inputs!$A$37:$C$37,1,1)*(Inputs!$B$25/14)*Inputs!$B$5+INDEX(Inputs!$A$37:$C$37,1,2)*(Inputs!$B$25/14)*Inputs!$B$12+INDEX(Inputs!$A$37:$C$37,1,3)*(Inputs!$B$25/14)*Inputs!$B$13) -> 327.59593
A85: Total | D85: =SUM(D73:D84) -> 3606.2651 | F85: =SUM(F73:F84) -> 3913.4143
A87: Scenario: 25% / constant / non-resp use = baseline
A88: Cycle | B88: Free trial? | C88: gCore resp % | D88: gCore cost (£) | E88: SoC resp % | F88: SoC cost (£)
A89: 1 | B89: =A89<=Inputs!$B$17 -> TRUE | C89: =VLOOKUP("25",Inputs!$A$29:$K$33,2,FALSE()) -> 0.6 | D89: =IF(B89,C89*(VLOOKUP("25",Inputs!$A$29:$K$33,3,FALSE())*(Inputs!$B$25/14)*Inputs!$B$5+VLOOKUP("25",Inputs!$A$29:$K$33,4,FALSE())*(Inputs!$B$25/14)*Inputs!$B$12+VLOOKUP("25",Inputs!$A$29:$K$33,5,FALSE())*(Inputs!$B$25/14)*Inputs!$B$13)+(1-C89)*(VLOOKUP("25",Inputs!$A$29:$K$33,6,FALSE())*(Inputs!$B$25/14)*Inputs!$B$5+VLOOKUP("25",Inputs!$A$29:$K$33,7,FALSE())*(Inputs!$B$25/14)*Inputs!$B$12+VLOOKUP("25",Inputs!$A$29:$K$33,8,FALSE())*(Inputs!$B$25/14)*Inputs!$B$13),C89*((VLOOKUP("25",Inputs!$A$29:$K$33,3,FALSE())*(Inputs!$B$25/14)*Inputs!$B$5+VLOOKUP("25",Inputs!$A$29:$K$33,4,FALSE())*(Inputs!$B$25/14)*Inputs!$B$12+VLOOKUP("25",Inputs!$A$29:$K$33,5,FALSE())*(Inputs!$B$25/14)*Inputs!$B$13)+Inputs!$B$18)+(1-C89)*((VLOOKUP("25",Inputs!$A$29:$K$33,9,FALSE())*(Inputs!$B$25/14)*Inputs!$B$5+VLOOKUP("25",Inputs!$A$29:$K$33,10,FALSE())*(Inputs!$B$25/14)*Inputs!$B$12+VLOOKUP("25",Inputs!$A$29:$K$33,11,FALSE())*(Inputs!$B$25/14)*Inputs!$B$13))) -> 189.05901 | E89: =Inputs!$B$21 -> 0.083 | F89: =E89*(VLOOKUP("25",Inputs!$A$29:$K$33,3,FALSE())*(Inputs!$B$25/14)*Inputs!$B$5+VLOOKUP("25",Inputs!$A$29:$K$33,4,FALSE())*(Inputs!$B$25/14)*Inputs!$B$12+VLOOKUP("25",Inputs!$A$29:$K$33,5,FALSE())*(Inputs!$B$25/14)*Inputs!$B$13)+(1-E89)*(INDEX(Inputs!$A$37:$C$37,1,1)*(Inputs!$B$25/14)*Inputs!$B$5+INDEX(Inputs!$A$37:$C$37,1,2)*(Inputs!$B$25/14)*Inputs!$B$12+INDEX(Inputs!$A$37:$C$37,1,3)*(Inputs!$B$25/14)*Inputs!$B$13) -> 309.85906
A90: 2 | B90: =A90<=Inputs!$B$17 -> TRUE | C90: =C89*(1-Inputs!$B$22) -> 0.414 | D90: =IF(B90,C90*(VLOOKUP("25",Inputs!$A$29:$K$33,3,FALSE())*(Inputs!$B$25/14)*Inputs!$B$5+VLOOKUP("25",Inputs!$A$29:$K$33,4,FALSE())*(Inputs!$B$25/14)*Inputs!$B$12+VLOOKUP("25",Inputs!$A$29:$K$33,5,FALSE())*(Inputs!$B$25/14)*Inputs!$B$13)+(1-C90)*(VLOOKUP("25",Inputs!$A$29:$K$33,6,FALSE())*(Inputs!$B$25/14)*Inputs!$B$5+VLOOKUP("25",Inputs!$A$29:$K$33,7,FALSE())*(Inputs!$B$25/14)*Inputs!$B$12+VLOOKUP("25",Inputs!$A$29:$K$33,8,FALSE())*(Inputs!$B$25/14)*Inputs!$B$13),C90*((VLOOKUP("25",Inputs!$A$29:$K$33,3,FALSE())*(Inputs!$B$25/14)*Inputs!$B$5+VLOOKUP("25",Inputs!$A$29:$K$33,4,FALSE())*(Inputs!$B$25/14)*Inputs!$B$12+VLOOKUP("25",Inputs!$A$29:$K$33,5,FALSE())*(Inputs!$B$25/14)*Inputs!$B$13)+Inputs!$B$18)+(1-C90)*((VLOOKUP("25",Inputs!$A$29:$K$33,9,FALSE())*(Inputs!$B$25/14)*Inputs!$B$5+VLOOKUP("25",Inputs!$A$29:$K$33,10,FALSE())*(Inputs!$B$25/14)*Inputs!$B$12+VLOOKUP("25",Inputs!$A$29:$K$33,11,FALSE())*(Inputs!$B$25/14)*Inputs!$B$13))) -> 224.00855 | E90: =0 -> 0 | F90: =(INDEX(Inputs!$A$37:$C$37,1,1)*(Inputs!$B$25/14)*Inputs!$B$5+INDEX(Inputs!$A$37:$C$37,1,2)*(Inputs!$B$25/14)*Inputs!$B$12+INDEX(Inputs!$A$37:$C$37,1,3)*(Inputs!$B$25/14)*Inputs!$B$13) -> 327.59593
A91: 3 | B91: =A91<=Inputs!$B$17 -> TRUE | C91: =C90*(1-Inputs!$B$22) -> 0.28566 | D91: =IF(B91,C91*(VLOOKUP("25",Inputs!$A$29:$K$33,3,FALSE())*(Inputs!$B$25/14)*Inputs!$B$5+VLOOKUP("25",Inputs!$A$29:$K$33,4,FALSE())*(Inputs!$B$25/14)*Inputs!$B$12+VLOOKUP("25",Inputs!$A$29:$K$33,5,FALSE())*(Inputs!$B$25/14)*Inputs!$B$13)+(1-C91)*(VLOOKUP("25",Inputs!$A$29:$K$33,6,FALSE())*(Inputs!$B$25/14)*Inputs!$B$5+VLOOKUP("25",Inputs!$A$29:$K$33,7,FALSE())*(Inputs!$B$25/14)*Inputs!$B$12+VLOOKUP("25",Inputs!$A$29:$K$33,8,FALSE())*(Inputs!$B$25/14)*Inputs!$B$13),C91*((VLOOKUP("25",Inputs!$A$29:$K$33,3,FALSE())*(Inputs!$B$25/14)*Inputs!$B$5+VLOOKUP("25",Inputs!$A$29:$K$33,4,FALSE())*(Inputs!$B$25/14)*Inputs!$B$12+VLOOKUP("25",Inputs!$A$29:$K$33,5,FALSE())*(Inputs!$B$25/14)*Inputs!$B$13)+Inputs!$B$18)+(1-C91)*((VLOOKUP("25",Inputs!$A$29:$K$33,9,FALSE())*(Inputs!$B$25/14)*Inputs!$B$5+VLOOKUP("25",Inputs!$A$29:$K$33,10,FALSE())*(Inputs!$B$25/14)*Inputs!$B$12+VLOOKUP("25",Inputs!$A$29:$K$33,11,FALSE())*(Inputs!$B$25/14)*Inputs!$B$13))) -> 248.12374 | E91: =0 -> 0 | F91: =(INDEX(Inputs!$A$37:$C$37,1,1)*(Inputs!$B$25/14)*Inputs!$B$5+INDEX(Inputs!$A$37:$C$37,1,2)*(Inputs!$B$25/14)*Inputs!$B$12+INDEX(Inputs!$A$37:$C$37,1,3)*(Inputs!$B$25/14)*Inputs!$B$13) -> 327.59593
A92: 4 | B92: =A92<=Inputs!$B$17 -> FALSE | C92: =C91*(1-Inputs!$B$22) -> 0.1971054 | D92: =IF(B92,C92*(VLOOKUP("25",Inputs!$A$29:$K$33,3,FALSE())*(Inputs!$B$25/14)*Inputs!$B$5+VLOOKUP("25",Inputs!$A$29:$K$33,4,FALSE())*(Inputs!$B$25/14)*Inputs!$B$12+VLOOKUP("25",Inputs!$A$29:$K$33,5,FALSE())*(Inputs!$B$25/14)*Inputs!$B$13)+(1-C92)*(VLOOKUP("25",Inputs!$A$29:$K$33,6,FALSE())*(Inputs!$B$25/14)*Inputs!$B$5+VLOOKUP("25",Inputs!$A$29:$K$33,7,FALSE())*(Inputs!$B$25/14)*Inputs!$B$12+VLOOKUP("25",Inputs!$A$29:$K$33,8,FALSE())*(Inputs!$B$25/14)*Inputs!$B$13),C92*((VLOOKUP("25",Inputs!$A$29:$K$33,3,FALSE())*(Inputs!$B$25/14)*Inputs!$B$5+VLOOKUP("25",Inputs!$A$29:$K$33,4,FALSE())*(Inputs!$B$25/14)*Inputs!$B$12+VLOOKUP("25",Inputs!$A$29:$K$33,5,FALSE())*(Inputs!$B$25/14)*Inputs!$B$13)+Inputs!$B$18)+(1-C92)*((VLOOKUP("25",Inputs!$A$29:$K$33,9,FALSE())*(Inputs!$B$25/14)*Inputs!$B$5+VLOOKUP("25",Inputs!$A$29:$K$33,10,FALSE())*(Inputs!$B$25/14)*Inputs!$B$12+VLOOKUP("25",Inputs!$A$29:$K$33,11,FALSE())*(Inputs!$B$25/14)*Inputs!$B$13))) -> 253.4904 | E92: =0 -> 0 | F92: =(INDEX(Inputs!$A$37:$C$37,1,1)*(Inputs!$B$25/14)*Inputs!$B$5+INDEX(Inputs!$A$37:$C$37,1,2)*(Inputs!$B$25/14)*Inputs!$B$12+INDEX(Inputs!$A$37:$C$37,1,3)*(Inputs!$B$25/14)*Inputs!$B$13) -> 327.59593
A93: 5 | B93: =A93<=Inputs!$B$17 -> FALSE | C93: =C92*(1-Inputs!$B$22) -> 0.13600273 | D93: =IF(B93,C93*(VLOOKUP("25",Inputs!$A$29:$K$33,3,FALSE())*(Inputs!$B$25/14)*Inputs!$B$5+VLOOKUP("25",Inputs!$A$29:$K$33,4,FALSE())*(Inputs!$B$25/14)*Inputs!$B$12+VLOOKUP("25",Inputs!$A$29:$K$33,5,FALSE())*(Inputs!$B$25/14)*Inputs!$B$13)+(1-C93)*(VLOOKUP("25",Inputs!$A$29:$K$33,6,FALSE())*(Inputs!$B$25/14)*Inputs!$B$5+VLOOKUP("25",Inputs!$A$29:$K$33,7,FALSE())*(Inputs!$B$25/14)*Inputs!$B$12+VLOOKUP("25",Inputs!$A$29:$K$33,8,FALSE())*(Inputs!$B$25/14)*Inputs!$B$13),C93*((VLOOKUP("25",Inputs!$A$29:$K$33,3,FALSE())*(Inputs!$B$25/14)*Inputs!$B$5+VLOOKUP("25",Inputs!$A$29:$K$33,4,FALSE())*(Inputs!$B$25/14)*Inputs!$B$12+VLOOKUP("25",Inputs!$A$29:$K$33,5,FALSE())*(Inputs!$B$25/14)*Inputs!$B$13)+Inputs!$B$18)+(1-C93)*((VLOOKUP("25",Inputs!$A$29:$K$33,9,FALSE())*(Inputs!$B$25/14)*Inputs!$B$5+VLOOKUP("25",Inputs!$A$29:$K$33,10,FALSE())*(Inputs!$B$25/14)*Inputs!$B$12+VLOOKUP("25",Inputs!$A$29:$K$33,11,FALSE())*(Inputs!$B$25/14)*Inputs!$B$13))) -> 248.25896 | E93: =0 -> 0 | F93: =(INDEX(Inputs!$A$37:$C$37,1,1)*(Inputs!$B$25/14)*Inputs!$B$5+INDEX(Inputs!$A$37:$C$37,1,2)*(Inputs!$B$25/14)*Inputs!$B$12+INDEX(Inputs!$A$37:$C$37,1,3)*(Inputs!$B$25/14)*Inputs!$B$13) -> 327.59593
A94: 6 | B94: =A94<=Inputs!$B$17 -> FALSE | C94: =C93*(1-Inputs!$B$22) -> 0.093841881 | D94: =IF(B94,C94*(VLOOKUP("25",Inputs!$A$29:$K$33,3,FALSE())*(Inputs!$B$25/14)*Inputs!$B$5+VLOOKUP("25",Inputs!$A$29:$K$33,4,FALSE())*(Inputs!$B$25/14)*Inputs!$B$12+VLOOKUP("25",Inputs!$A$29:$K$33,5,FALSE())*(Inputs!$B$25/14)*Inputs!$B$13)+(1-C94)*(VLOOKUP("25",Inputs!$A$29:$K$33,6,FALSE())*(Inputs!$B$25/14)*Inputs!$B$5+VLOOKUP("25",Inputs!$A$29:$K$33,7,FALSE())*(Inputs!$B$25/14)*Inputs!$B$12+VLOOKUP("25",Inputs!$A$29:$K$33,8,FALSE())*(Inputs!$B$25/14)*Inputs!$B$13),C94*((VLOOKUP("25",Inputs!$A$29:$K$33,3,FALSE())*(Inputs!$B$25/14)*Inputs!$B$5+VLOOKUP("25",Inputs!$A$29:$K$33,4,FALSE())*(Inputs!$B$25/14)*Inputs!$B$12+VLOOKUP("25",Inputs!$A$29:$K$33,5,FALSE())*(Inputs!$B$25/14)*Inputs!$B$13)+Inputs!$B$18)+(1-C94)*((VLOOKUP("25",Inputs!$A$29:$K$33,9,FALSE())*(Inputs!$B$25/14)*Inputs!$B$5+VLOOKUP("25",Inputs!$A$29:$K$33,10,FALSE())*(Inputs!$B$25/14)*Inputs!$B$12+VLOOKUP("25",Inputs!$A$29:$K$33,11,FALSE())*(Inputs!$B$25/14)*Inputs!$B$13))) -> 244.64927 | E94: =0 -> 0 | F94: =(INDEX(Inputs!$A$37:$C$37,1,1)*(Inputs!$B$25/14)*Inputs!$B$5+INDEX(Inputs!$A$37:$C$37,1,2)*(Inputs!$B$25/14)*Inputs!$B$12+INDEX(Inputs!$A$37:$C$37,1,3)*(Inputs!$B$25/14)*Inputs!$B$13) -> 327.59593
A95: 7 | B95: =A95<=Inputs!$B$17 -> FALSE | C95: =C94*(1-Inputs!$B$22) -> 0.064750898 | D95: =IF(B95,C95*(VLOOKUP("25",Inputs!$A$29:$K$33,3,FALSE())*(Inputs!$B$25/14)*Inputs!$B$5+VLOOKUP("25",Inputs!$A$29:$K$33,4,FALSE())*(Inputs!$B$25/14)*Inputs!$B$12+VLOOKUP("25",Inputs!$A$29:$K$33,5,FALSE())*(Inputs!$B$25/14)*Inputs!$B$13)+(1-C95)*(VLOOKUP("25",Inputs!$A$29:$K$33,6,FALSE())*(Inputs!$B$25/14)*Inputs!$B$5+VLOOKUP("25",Inputs!$A$29:$K$33,7,FALSE())*(Inputs!$B$25/14)*Inputs!$B$12+VLOOKUP("25",Inputs!$A$29:$K$33,8,FALSE())*(Inputs!$B$25/14)*Inputs!$B$13),C95*((VLOOKUP("25",Inputs!$A$29:$K$33,3,FALSE())*(Inputs!$B$25/14)*Inputs!$B$5+VLOOKUP("25",Inputs!$A$29:$K$33,4,FALSE())*(Inputs!$B$25/14)*Inputs!$B$12+VLOOKUP("25",Inputs!$A$29:$K$33,5,FALSE())*(Inputs!$B$25/14)*Inputs!$B$13)+Inputs!$B$18)+(1-C95)*((VLOOKUP("25",Inputs!$A$29:$K$33,9,FALSE())*(Inputs!$B$25/14)*Inputs!$B$5+VLOOKUP("25",Inputs!$A$29:$K$33,10,FALSE())*(Inputs!$B$25/14)*Inputs!$B$12+VLOOKUP("25",Inputs!$A$29:$K$33,11,FALSE())*(Inputs!$B$25/14)*Inputs!$B$13))) -> 242.15857 | E95: =0 -> 0 | F95: =(INDEX(Inputs!$A$37:$C$37,1,1)*(Inputs!$B$25/14)*Inputs!$B$5+INDEX(Inputs!$A$37:$C$37,1,2)*(Inputs!$B$25/14)*Inputs!$B$12+INDEX(Inputs!$A$37:$C$37,1,3)*(Inputs!$B$25/14)*Inputs!$B$13) -> 327.59593
A96: 8 | B96: =A96<=Inputs!$B$17 -> FALSE | C96: =C95*(1-Inputs!$B$22) -> 0.04467812 | D96: =IF(B96,C96*(VLOOKUP("25",Inputs!$A$29:$K$33,3,FALSE())*(Inputs!$B$25/14)*Inputs!$B$5+VLOOKUP("25",Inputs!$A$29:$K$33,4,FALSE())*(Inputs!$B$25/14)*Inputs!$B$12+VLOOKUP("25",Inputs!$A$29:$K$33,5,FALSE())*(Inputs!$B$25/14)*Inputs!$B$13)+(1-C96)*(VLOOKUP("25",Inputs!$A$29:$K$33,6,FALSE())*(Inputs!$B$25/14)*Inputs!$B$5+VLOOKUP("25",Inputs!$A$29:$K$33,7,FALSE())*(Inputs!$B$25/14)*Inputs!$B$12+VLOOKUP("25",Inputs!$A$29:$K$33,8,FALSE())*(Inputs!$B$25/14)*Inputs!$B$13),C96*((VLOOKUP("25",Inputs!$A$29:$K$33,3,FALSE())*(Inputs!$B$25/14)*Inputs!$B$5+VLOOKUP("25",Inputs!$A$29:$K$33,4,FALSE())*(Inputs!$B$25/14)*Inputs!$B$12+VLOOKUP("25",Inputs!$A$29:$K$33,5,FALSE())*(Inputs!$B$25/14)*Inputs!$B$13)+Inputs!$B$18)+(1-C96)*((VLOOKUP("25",Inputs!$A$29:$K$33,9,FALSE())*(Inputs!$B$25/14)*Inputs!$B$5+VLOOKUP("25",Inputs!$A$29:$K$33,10,FALSE())*(Inputs!$B$25/14)*Inputs!$B$12+VLOOKUP("25",Inputs!$A$29:$K$33,11,FALSE())*(Inputs!$B$25/14)*Inputs!$B$13))) -> 240.44 | E96: =0 -> 0 | F96: =(INDEX(Inputs!$A$37:$C$37,1,1)*(Inputs!$B$25/14)*Inputs!$B$5+INDEX(Inputs!$A$37:$C$37,1,2)*(Inputs!$B$25/14)*Inputs!$B$12+INDEX(Inputs!$A$37:$C$37,1,3)*(Inputs!$B$25/14)*Inputs!$B$13) -> 327.59593
A97: 9 | B97: =A97<=Inputs!$B$17 -> FALSE | C97: =C96*(1-Inputs!$B$22) -> 0.030827902 | D97: =IF(B97,C97*(VLOOKUP("25",Inputs!$A$29:$K$33,3,FALSE())*(Inputs!$B$25/14)*Inputs!$B$5+VLOOKUP("25",Inputs!$A$29:$K$33,4,FALSE())*(Inputs!$B$25/14)*Inputs!$B$12+VLOOKUP("25",Inputs!$A$29:$K$33,5,FALSE())*(Inputs!$B$25/14)*Inputs!$B$13)+(1-C97)*(VLOOKUP("25",Inputs!$A$29:$K$33,6,FALSE())*(Inputs!$B$25/14)*Inputs!$B$5+VLOOKUP("25",Inputs!$A$29:$K$33,7,FALSE())*(Inputs!$B$25/14)*Inputs!$B$12+VLOOKUP("25",Inputs!$A$29:$K$33,8,FALSE())*(Inputs!$B$25/14)*Inputs!$B$13),C97*((VLOOKUP("25",Inputs!$A$29:$K$33,3,FALSE())*(Inputs!$B$25/14)*Inputs!$B$5+VLOOKUP("25",Inputs!$A$29:$K$33,4,FALSE())*(Inputs!$B$25/14)*Inputs!$B$12+VLOOKUP("25",Inputs!$A$29:$K$33,5,FALSE())*(Inputs!$B$25/14)*Inputs!$B$13)+Inputs!$B$18)+(1-C97)*((VLOOKUP("25",Inputs!$A$29:$K$33,9,FALSE())*(Inputs!$B$25/14)*Inputs!$B$5+VLOOKUP("25",Inputs!$A$29:$K$33,10,FALSE())*(Inputs!$B$25/14)*Inputs!$B$12+VLOOKUP("25",Inputs!$A$29:$K$33,11,FALSE())*(Inputs!$B$25/14)*Inputs!$B$13))) -> 239.25418 | E97: =0 -> 0 | F97: =(INDEX(Inputs!$A$37:$C$37,1,1)*(Inputs!$B$25/14)*Inputs!$B$5+INDEX(Inputs!$A$37:$C$37,1,2)*(Inputs!$B$25/14)*Inputs!$B$12+INDEX(Inputs!$A$37:$C$37,1,3)*(Inputs!$B$25/14)*Inputs!$B$13) -> 327.59593
A98: 10 | B98: =A98<=Inputs!$B$17 -> FALSE | C98: =C97*(1-Inputs!$B$22) -> 0.021271253 | D98: =IF(B98,C98*(VLOOKUP("25",Inputs!$A$29:$K$33,3,FALSE())*(Inputs!$B$25/14)*Inputs!$B$5+VLOOKUP("25",Inputs!$A$29:$K$33,4,FALSE())*(Inputs!$B$25/14)*Inputs!$B$12+VLOOKUP("25",Inputs!$A$29:$K$33,5,FALSE())*(Inputs!$B$25/14)*Inputs!$B$13)+(1-C98)*(VLOOKUP("25",Inputs!$A$29:$K$33,6,FALSE())*(Inputs!$B$25/14)*Inputs!$B$5+VLOOKUP("25",Inputs!$A$29:$K$33,7,FALSE())*(Inputs!$B$25/14)*Inputs!$B$12+VLOOKUP("25",Inputs!$A$29:$K$33,8,FALSE())*(Inputs!$B$25/14)*Inputs!$B$13),C98*((VLOOKUP("25",Inputs!$A$29:$K$33,3,FALSE())*(Inputs!$B$25/14)*Inputs!$B$5+VLOOKUP("25",Inputs!$A$29:$K$33,4,FALSE())*(Inputs!$B$25/14)*Inputs!$B$12+VLOOKUP("25",Inputs!$A$29:$K$33,5,FALSE())*(Inputs!$B$25/14)*Inputs!$B$13)+Inputs!$B$18)+(1-C98)*((VLOOKUP("25",Inputs!$A$29:$K$33,9,FALSE())*(Inputs!$B$25/14)*Inputs!$B$5+VLOOKUP("25",Inputs!$A$29:$K$33,10,FALSE())*(Inputs!$B$25/14)*Inputs!$B$12+VLOOKUP("25",Inputs!$A$29:$K$33,11,FALSE())*(Inputs!$B$25/14)*Inputs!$B$13))) -> 238.43597 | E98: =0 -> 0 | F98: =(INDEX(Inputs!$A$37:$C$37,1,1)*(Inputs!$B$25/14)*Inputs!$B$5+INDEX(Inputs!$A$37:$C$37,1,2)*(Inputs!$B$25/14)*Inputs!$B$12+INDEX(Inputs!$A$37:$C$37,1,3)*(Inputs!$B$25/14)*Inputs!$B$13) -> 327.59593
A99: 11 | B99: =A99<=Inputs!$B$17 -> FALSE | C99: =C98*(1-Inputs!$B$22) -> 0.014677164 | D99: =IF(B99,C99*(VLOOKUP("25",Inputs!$A$29:$K$33,3,FALSE())*(Inputs!$B$25/14)*Inputs!$B$5+VLOOKUP("25",Inputs!$A$29:$K$33,4,FALSE())*(Inputs!$B$25/14)*Inputs!$B$12+VLOOKUP("25",Inputs!$A$29:$K$33,5,FALSE())*(Inputs!$B$25/14)*Inputs!$B$13)+(1-C99)*(VLOOKUP("25",Inputs!$A$29:$K$33,6,FALSE())*(Inputs!$B$25/14)*Inputs!$B$5+VLOOKUP("25",Inputs!$A$29:$K$33,7,FALSE())*(Inputs!$B$25/14)*Inputs!$B$12+VLOOKUP("25",Inputs!$A$29:$K$33,8,FALSE())*(Inputs!$B$25/14)*Inputs!$B$13),C99*((VLOOKUP("25",Inputs!$A$29:$K$33,3,FALSE())*(Inputs!$B$25/14)*Inputs!$B$5+VLOOKUP("25",Inputs!$A$29:$K$33,4,FALSE())*(Inputs!$B$25/14)*Inputs!$B$12+VLOOKUP("25",Inputs!$A$29:$K$33,5,FALSE())*(Inputs!$B$25/14)*Inputs!$B$13)+Inputs!$B$18)+(1-C99)*((VLOOKUP("25",Inputs!$A$29:$K$33,9,FALSE())*(Inputs!$B$25/14)*Inputs!$B$5+VLOOKUP("25",Inputs!$A$29:$K$33,10,FALSE())*(Inputs!$B$25/14)*Inputs!$B$12+VLOOKUP("25",Inputs!$A$29:$K$33,11,FALSE())*(Inputs!$B$25/14)*Inputs!$B$13))) -> 237.8714 | E99: =0 -> 0 | F99: =(INDEX(Inputs!$A$37:$C$37,1,1)*(Inputs!$B$25/14)*Inputs!$B$5+INDEX(Inputs!$A$37:$C$37,1,2)*(Inputs!$B$25/14)*Inputs!$B$12+INDEX(Inputs!$A$37:$C$37,1,3)*(Inputs!$B$25/14)*Inputs!$B$13) -> 327.59593
A100: 12 | B100: =A100<=Inputs!$B$17 -> FALSE | C100: =C99*(1-Inputs!$B$22) -> 0.010127243 | D100: =IF(B100,C100*(VLOOKUP("25",Inputs!$A$29:$K$33,3,FALSE())*(Inputs!$B$25/14)*Inputs!$B$5+VLOOKUP("25",Inputs!$A$29:$K$33,4,FALSE())*(Inputs!$B$25/14)*Inputs!$B$12+VLOOKUP("25",Inputs!$A$29:$K$33,5,FALSE())*(Inputs!$B$25/14)*Inputs!$B$13)+(1-C100)*(VLOOKUP("25",Inputs!$A$29:$K$33,6,FALSE())*(Inputs!$B$25/14)*Inputs!$B$5+VLOOKUP("25",Inputs!$A$29:$K$33,7,FALSE())*(Inputs!$B$25/14)*Inputs!$B$12+VLOOKUP("25",Inputs!$A$29:$K$33,8,FALSE())*(Inputs!$B$25/14)*Inputs!$B$13),C100*((VLOOKUP("25",Inputs!$A$29:$K$33,3,FALSE())*(Inputs!$B$25/14)*Inputs!$B$5+VLOOKUP("25",Inputs!$A$29:$K$33,4,FALSE())*(Inputs!$B$25/14)*Inputs!$B$12+VLOOKUP("25",Inputs!$A$29:$K$33,5,FALSE())*(Inputs!$B$25/14)*Inputs!$B$13)+Inputs!$B$18)+(1-C100)*((VLOOKUP("25",Inputs!$A$29:$K$33,9,FALSE())*(Inputs!$B$25/14)*Inputs!$B$5+VLOOKUP("25",Inputs!$A$29:$K$33,10,FALSE())*(Inputs!$B$25/14)*Inputs!$B$12+VLOOKUP("25",Inputs!$A$29:$K$33,11,FALSE())*(Inputs!$B$25/14)*Inputs!$B$13))) -> 237.48185 | E100: =0 -> 0 | F100: =(INDEX(Inputs!$A$37:$C$37,1,1)*(Inputs!$B$25/14)*Inputs!$B$5+INDEX(Inputs!$A$37:$C$37,1,2)*(Inputs!$B$25/14)*Inputs!$B$12+INDEX(Inputs!$A$37:$C$37,1,3)*(Inputs!$B$25/14)*Inputs!$B$13) -> 327.59593
A101: Total | D101: =SUM(D89:D100) -> 2843.2319 | F101: =SUM(F89:F100) -> 3913.4143
A103: Scenario: 25% / diminishing / non-resp use = soc
A104: Cycle | B104: Free trial? | C104: gCore resp % | D104: gCore cost (£) | E104: SoC resp % | F104: SoC cost (£)
A105: 1 | B105: =A105<=Inputs!$B$17 -> TRUE | C105: =VLOOKUP("25",Inputs!$A$29:$K$33,2,FALSE()) -> 0.6 | D105: =IF(B105,C105*(VLOOKUP("25",Inputs!$A$29:$K$33,3,FALSE())*(Inputs!$B$25/14)*Inputs!$B$5+VLOOKUP("25",Inputs!$A$29:$K$33,4,FALSE())*(Inputs!$B$25/14)*Inputs!$B$12+VLOOKUP("25",Inputs!$A$29:$K$33,5,FALSE())*(Inputs!$B$25/14)*Inputs!$B$13)+(1-C105)*(VLOOKUP("25",Inputs!$A$29:$K$33,6,FALSE())*(Inputs!$B$25/14)*Inputs!$B$5+VLOOKUP("25",Inputs!$A$29:$K$33,7,FALSE())*(Inputs!$B$25/14)*Inputs!$B$12+VLOOKUP("25",Inputs!$A$29:$K$33,8,FALSE())*(Inputs!$B$25/14)*Inputs!$B$13),C105*((VLOOKUP("25",Inputs!$A$29:$K$33,3,FALSE())*(Inputs!$B$25/14)*Inputs!$B$5+VLOOKUP("25",Inputs!$A$29:$K$33,4,FALSE())*(Inputs!$B$25/14)*Inputs!$B$12+VLOOKUP("25",Inputs!$A$29:$K$33,5,FALSE())*(Inputs!$B$25/14)*Inputs!$B$13)+Inputs!$B$18)+(1-C105)*((INDEX(Inputs!$A$37:$C$37,1,1)*(Inputs!$B$25/14)*Inputs!$B$5+INDEX(Inputs!$A$37:$C$37,1,2)*(Inputs!$B$25/14)*Inputs!$B$12+INDEX(Inputs!$A$37:$C$37,1,3)*(Inputs!$B$25/14)*Inputs!$B$13))) -> 189.05901 | E105: =Inputs!$B$21 -> 0.083 | F105: =E105*(VLOOKUP("25",Inputs!$A$29:$K$33,3,FALSE())*(Inputs!$B$25/14)*Inputs!$B$5+VLOOKUP("25",Inputs!$A$29:$K$33,4,FALSE())*(Inputs!$B$25/14)*Inputs!$B$12+VLOOKUP("25",Inputs!$A$29:$K$33,5,FALSE())*(Inputs!$B$25/14)*Inputs!$B$13)+(1-E105)*(INDEX(Inputs!$A$37:$C$37,1,1)*(Inputs!$B$25/14)*Inputs!$B$5+INDEX(Inputs!$A$37:$C$37,1,2)*(Inputs!$B$25/14)*Inputs!$B$12+INDEX(Inputs!$A$37:$C$37,1,3)*(Inputs!$B$25/14)*Inputs!$B$13) -> 309.85906
A106: 2 | B106: =A106<=Inputs!$B$17 -> TRUE | C106: =C105*(1-Inputs!$B$22*(0.9^(A106-2))) -> 0.414 | D106: =IF(B106,C106*(VLOOKUP("25",Inputs!$A$29:$K$33,3,FALSE())*(Inputs!$B$25/14)*Inputs!$B$5+VLOOKUP("25",Inputs!$A$29:$K$33,4,FALSE())*(Inputs!$B$25/14)*Inputs!$B$12+VLOOKUP("25",Inputs!$A$29:$K$33,5,FALSE())*(Inputs!$B$25/14)*Inputs!$B$13)+(1-C106)*(VLOOKUP("25",Inputs!$A$29:$K$33,6,FALSE())*(Inputs!$B$25/14)*Inputs!$B$5+VLOOKUP("25",Inputs!$A$29:$K$33,7,FALSE())*(Inputs!$B$25/14)*Inputs!$B$12+VLOOKUP("25",Inputs!$A$29:$K$33,8,FALSE())*(Inputs!$B$25/14)*Inputs!$B$13),C106*((VLOOKUP("25",Inputs!$A$29:$K$33,3,FALSE())*(Inputs!$B$25/14)*Inputs!$B$5+VLOOKUP("25",Inputs!$A$29:$K$33,4,FALSE())*(Inputs!$B$25/14)*Inputs!$B$12+VLOOKUP("25",Inputs!$A$29:$K$33,5,FALSE())*(Inputs!$B$25/14)*Inputs!$B$13)+Inputs!$B$18)+(1-C106)*((INDEX(Inputs!$A$37:$C$37,1,1)*(Inputs!$B$25/14)*Inputs!$B$5+INDEX(Inputs!$A$37:$C$37,1,2)*(Inputs!$B$25/14)*Inputs!$B$12+INDEX(Inputs!$A$37:$C$37,1,3)*(Inputs!$B$25/14)*Inputs!$B$13))) -> 224.00855 | E106: =0 -> 0 | F106: =(INDEX(Inputs!$A$37:$C$37,1,1)*(Inputs!$B$25/14)*Inputs!$B$5+INDEX(Inputs!$A$37:$C$37,1,2)*(Inputs!$B$25/14)*Inputs!$B$12+INDEX(Inputs!$A$37:$C$37,1,3)*(Inputs!$B$25/14)*Inputs!$B$13) -> 327.59593
A107: 3 | B107: =A107<=Inputs!$B$17 -> TRUE | C107: =C106*(1-Inputs!$B$22*(0.9^(A107-2))) -> 0.298494 | D107: =IF(B107,C107*(VLOOKUP("25",Inputs!$A$29:$K$33,3,FALSE())*(Inputs!$B$25/14)*Inputs!$B$5+VLOOKUP("25",Inputs!$A$29:$K$33,4,FALSE())*(Inputs!$B$25/14)*Inputs!$B$12+VLOOKUP("25",Inputs!$A$29:$K$33,5,FALSE())*(Inputs!$B$25/14)*Inputs!$B$13)+(1-C107)*(VLOOKUP("25",Inputs!$A$29:$K$33,6,FALSE())*(Inputs!$B$25/14)*Inputs!$B$5+VLOOKUP("25",Inputs!$A$29:$K$33,7,FALSE())*(Inputs!$B$25/14)*Inputs!$B$12+VLOOKUP("25",Inputs!$A$29:$K$33,8,FALSE())*(Inputs!$B$25/14)*Inputs!$B$13),C107*((VLOOKUP("25",Inputs!$A$29:$K$33,3,FALSE())*(Inputs!$B$25/14)*Inputs!$B$5+VLOOKUP("25",Inputs!$A$29:$K$33,4,FALSE())*(Inputs!$B$25/14)*Inputs!$B$12+VLOOKUP("25",Inputs!$A$29:$K$33,5,FALSE())*(Inputs!$B$25/14)*Inputs!$B$13)+Inputs!$B$18)+(1-C107)*((INDEX(Inputs!$A$37:$C$37,1,1)*(Inputs!$B$25/14)*Inputs!$B$5+INDEX(Inputs!$A$37:$C$37,1,2)*(Inputs!$B$25/14)*Inputs!$B$12+INDEX(Inputs!$A$37:$C$37,1,3)*(Inputs!$B$25/14)*Inputs!$B$13))) -> 245.71222 | E107: =0 -> 0 | F107: =(INDEX(Inputs!$A$37:$C$37,1,1)*(Inputs!$B$25/14)*Inputs!$B$5+INDEX(Inputs!$A$37:$C$37,1,2)*(Inputs!$B$25/14)*Inputs!$B$12+INDEX(Inputs!$A$37:$C$37,1,3)*(Inputs!$B$25/14)*Inputs!$B$13) -> 327.59593
...

Sheet OWSA
A1: gammaCore for Chronic Cluster Headache — ONE-WAY SENSITIVITY ANALYSIS (cf. Table C19)
A2: Base case (50% definition, no response loss, SoC non-responder use). Each parameter is varied to its lower/upper bound (Table C13) while all others are held at base case.
A4: TORNADO SUMMARY
A5: Parameter | B5: Base | C5: Lower bound | D5: Upper bound | E5: Cost diff @ lower (£) | F5: Cost diff @ upper (£) | G5: Range (£)
A6: Sumatriptan doses/14d — SoC non-responder | B6: 7.5 | C6: 4.88 | D6: 10.67 | E6: =OWSA!D33 -> 101.68615 | F6: =OWSA!D49 -> -1126.5136 | G6: =ABS(F6-E6) -> 1228.1998
A7: Sumatriptan doses/14d — gCore non-resp. (on Tx) | B7: 4.1 | C7: 1 | D7: 9.33 | E7: =OWSA!D65 -> -703.4287 | F7: =OWSA!D81 -> -33.403376 | G7: =ABS(F7-E7) -> 670.02532
A8: Sumatriptan doses/14d — gCore responder | B8: 2.5 | C8: 1.04 | D8: 4.59 | E8: =OWSA!D97 -> -646.34562 | F8: =OWSA!D113 -> -178.84933 | G8: =ABS(F8-E8) -> 467.49629
A9: % sumatriptan treatments that are s.c. | B9: 0.867 | C9: 0.661 | D9: 0.982 | E9: =OWSA!D129 -> -319.43474 | F9: =OWSA!D145 -> -529.24532 | G9: =ABS(F9-E9) -> 209.81058
A10: Zolmitriptan doses/14d — gCore non-resp. (on Tx) | B10: 2.5 | C10: 0.32 | D10: 6.89 | E10: =OWSA!D161 -> -513.0957 | F10: =OWSA!D177 -> -335.23507 | G10: =ABS(F10-E10) -> 177.86064
A11: Zolmitriptan doses/14d — SoC non-responder | B11: 1.3 | C11: 0.45 | D11: 2.59 | E11: =OWSA!D193 -> -393.39506 | F11: =OWSA!D209 -> -546.17716 | G11: =ABS(F11-E11) -> 152.7821
A12: Probability of response — gCore (50% def.) | B12: 0.4 | C12: 0.263 | D12: 0.545 | E12: =OWSA!D225 -> -412.65862 | F12: =OWSA!D241 -> -497.9192 | G12: =ABS(F12-E12) -> 85.260587
A13: Oxygen doses/14d — SoC non-responder | B13: 10.8 | C13: 6.68 | D13: 15.9 | E13: =OWSA!D257 -> -421.42406 | F13: =OWSA!D273 -> -494.50259 | G13: =ABS(F13-E13) -> 73.078532
A14: Zolmitriptan doses/14d — gCore responder | B14: 0.6 | C14: 0.1 | D14: 1.52 | E14: =OWSA!D289 -> -476.24048 | F14: =OWSA!D305 -> -413.30342 | G14: =ABS(F14-E14) -> 62.937055
A15: Probability of discontinued response/month | B15: 0.31 | C15: 0.162 | D15: 0.541 | E15: =OWSA!D321 -> -471.34016 | F15: =OWSA!D337 -> -427.13898 | G15: =ABS(F15-E15) -> 44.20118
A17: DETAIL CALCULATIONS
A19: Sumatriptan doses/14d — SoC non-responder — LOWER bound (4.88)
A20: Cycle | B20: Free trial? | C20: gCore resp % | D20: gCore cost (£) | E20: SoC resp % | F20: SoC cost (£)
A21: 1 | B21: =A21<=Inputs!$B$17 -> TRUE | C21: =VLOOKUP("50",Inputs!$A$29:$K$33,2,FALSE()) -> 0.4 | D21: =IF(B21,C21*((VLOOKUP("50",Inputs!$A$29:$K$33,3,FALSE()))*(Inputs!$B$25/14)*Inputs!$B$5+(VLOOKUP("50",Inputs!$A$29:$K$33,4,FALSE()))*(Inputs!$B$25/14)*(Inputs!$B$10*Inputs!$B$6+(1-Inputs!$B$10)*Inputs!$B$7)+(VLOOKUP("50",Inputs!$A$29:$K$33,5,FALSE()))*(Inputs!$B$25/14)*(Inputs!$B$11*Inputs!$B$9+(1-Inputs!$B$11)*Inputs!$B$8))+(1-C21)*((VLOOKUP("50",Inputs!$A$29:$K$33,6,FALSE()))*(Inputs!$B$25/14)*Inputs!$B$5+(VLOOKUP("50",Inputs!$A$29:$K$33,7,FALSE()))*(Inputs!$B$25/14)*(Inputs!$B$10*Inputs!$B$6+(1-Inputs!$B$10)*Inputs!$B$7)+(VLOOKUP("50",Inputs!$A$29:$K$33,8,FALSE()))*(Inputs!$B$25/14)*(Inputs!$B$11*Inputs!$B$9+(1-Inputs!$B$11)*Inputs!$B$8)),C21*(((VLOOKUP("50",Inputs!$A$29:$K$33,3,FALSE()))*(Inputs!$B$25/14)*Inputs!$B$5+(VLOOKUP("50",Inputs!$A$29:$K$33,4,FALSE()))*(Inputs!$B$25/14)*(Inputs!$B$10*Inputs!$B$6+(1-Inputs!$B$10)*Inputs!$B$7)+(VLOOKUP("50",Inputs!$A$29:$K$33,5,FALSE()))*(Inputs!$B$25/14)*(Inputs!$B$11*Inputs!$B$9+(1-Inputs!$B$11)*Inputs!$B$8))+Inputs!$B$18)+(1-C21)*(((INDEX(Inputs!$A$37:$C$37,1,1))*(Inputs!$B$25/14)*Inputs!$B$5+(4.88)*(Inputs!$B$25/14)*(Inputs!$B$10*Inputs!$B$6+(1-Inputs!$B$10)*Inputs!$B$7)+(INDEX(Inputs!$A$37:$C$37,1,3))*(Inputs!$B$25/14)*(Inputs!$B$11*Inputs!$B$9+(1-Inputs!$B$11)*Inputs!$B$8)))) -> 170.04501 | E21: =Inputs!$B$21 -> 0.083 | F21: =E21*((VLOOKUP("50",Inputs!$A$29:$K$33,3,FALSE()))*(Inputs!$B$25/14)*Inputs!$B$5+(VLOOKUP("50",Inputs!$A$29:$K$33,4,FALSE()))*(Inputs!$B$25/14)*(Inputs!$B$10*Inputs!$B$6+(1-Inputs!$B$10)*Inputs!$B$7)+(VLOOKUP("50",Inputs!$A$29:$K$33,5,FALSE()))*(Inputs!$B$25/14)*(Inputs!$B$11*Inputs!$B$9+(1-Inputs!$B$11)*Inputs!$B$8))+(1-E21)*((INDEX(Inputs!$A$37:$C$37,1,1))*(Inputs!$B$25/14)*Inputs!$B$5+(4.88)*(Inputs!$B$25/14)*(Inputs!$B$10*Inputs!$B$6+(1-Inputs!$B$10)*Inputs!$B$7)+(INDEX(Inputs!$A$37:$C$37,1,3))*(Inputs!$B$25/14)*(Inputs!$B$11*Inputs!$B$9+(1-Inputs!$B$11)*Inputs!$B$8)) -> 215.12151
A22: 2 | B22: =A22<=Inputs!$B$17 -> TRUE | C22: =IF(A22=2,C21*(1-(Inputs!$B$22)),C21) -> 0.276 | D22: =IF(B22,C22*((VLOOKUP("50",Inputs!$A$29:$K$33,3,FALSE()))*(Inputs!$B$25/14)*Inputs!$B$5+(VLOOKUP("50",Inputs!$A$29:$K$33,4,FALSE()))*(Inputs!$B$25/14)*(Inputs!$B$10*Inputs!$B$6+(1-Inputs!$B$10)*Inputs!$B$7)+(VLOOKUP("50",Inputs!$A$29:$K$33,5,FALSE()))*(Inputs!$B$25/14)*(Inputs!$B$11*Inputs!$B$9+(1-Inputs!$B$11)*Inputs!$B$8))+(1-C22)*((VLOOKUP("50",Inputs!$A$29:$K$33,6,FALSE()))*(Inputs!$B$25/14)*Inputs!$B$5+(VLOOKUP("50",Inputs!$A$29:$K$33,7,FALSE()))*(Inputs!$B$25/14)*(Inputs!$B$10*Inputs!$B$6+(1-Inputs!$B$10)*Inputs!$B$7)+(VLOOKUP("50",Inputs!$A$29:$K$33,8,FALSE()))*(Inputs!$B$25/14)*(Inputs!$B$11*Inputs!$B$9+(1-Inputs!$B$11)*Inputs!$B$8)),C22*(((VLOOKUP("50",Inputs!$A$29:$K$33,3,FALSE()))*(Inputs!$B$25/14)*Inputs!$B$5+(VLOOKUP("50",Inputs!$A$29:$K$33,4,FALSE()))*(Inputs!$B$25/14)*(Inputs!$B$10*Inputs!$B$6+(1-Inputs!$B$10)*Inputs!$B$7)+(VLOOKUP("50",Inputs!$A$29:$K$33,5,FALSE()))*(Inputs!$B$25/14)*(Inputs!$B$11*Inputs!$B$9+(1-Inputs!$B$11)*Inputs!$B$8))+Inputs!$B$18)+(1-C22)*(((INDEX(Inputs!$A$37:$C$37,1,1))*(Inputs!$B$25/14)*Inputs!$B$5+(4.88)*(Inputs!$B$25/14)*(Inputs!$B$10*Inputs!$B$6+(1-Inputs!$B$10)*Inputs!$B$7)+(INDEX(Inputs!$A$37:$C$37,1,3))*(Inputs!$B$25/14)*(Inputs!$B$11*Inputs!$B$9+(1-Inputs!$B$11)*Inputs!$B$8)))) -> 182.58922 | E22: =0 -> 0 | F22: =((INDEX(Inputs!$A$37:$C$37,1,1))*(Inputs!$B$25/14)*Inputs!$B$5+(4.88)*(Inputs!$B$25/14)*(Inputs!$B$10*Inputs!$B$6+(1-Inputs!$B$10)*Inputs!$B$7)+(INDEX(Inputs!$A$37:$C$37,1,3))*(Inputs!$B$25/14)*(Inputs!$B$11*Inputs!$B$9+(1-Inputs!$B$11)*Inputs!$B$8)) -> 224.69542
A23: 3 | B23: =A23<=Inputs!$B$17 -> TRUE | C23: =IF(A23=2,C22*(1-(Inputs!$B$22)),C22) -> 0.276 | D23: =IF(B23,C23*((VLOOKUP("50",Inputs!$A$29:$K$33,3,FALSE()))*(Inputs!$B$25/14)*Inputs!$B$5+(VLOOKUP("50",Inputs!$A$29:$K$33,4,FALSE()))*(Inputs!$B$25/14)*(Inputs!$B$10*Inputs!$B$6+(1-Inputs!$B$10)*Inputs!$B$7)+(VLOOKUP("50",Inputs!$A$29:$K$33,5,FALSE()))*(Inputs!$B$25/14)*(Inputs!$B$11*Inputs!$B$9+(1-Inputs!$B$11)*Inputs!$B$8))+(1-C23)*((VLOOKUP("50",Inputs!$A$29:$K$33,6,FALSE()))*(Inputs!$B$25/14)*Inputs!$B$5+(VLOOKUP("50",Inputs!$A$29:$K$33,7,FALSE()))*(Inputs!$B$25/14)*(Inputs!$B$10*Inputs!$B$6+(1-Inputs!$B$10)*Inputs!$B$7)+(VLOOKUP("50",Inputs!$A$29:$K$33,8,FALSE()))*(Inputs!$B$25/14)*(Inputs!$B$11*Inputs!$B$9+(1-Inputs!$B$11)*Inputs!$B$8)),C23*(((VLOOKUP("50",Inputs!$A$29:$K$33,3,FALSE()))*(Inputs!$B$25/14)*Inputs!$B$5+(VLOOKUP("50",Inputs!$A$29:$K$33,4,FALSE()))*(Inputs!$B$25/14)*(Inputs!$B$10*Inputs!$B$6+(1-Inputs!$B$10)*Inputs!$B$7)+(VLOOKUP("50",Inputs!$A$29:$K$33,5,FALSE()))*(Inputs!$B$25/14)*(Inputs!$B$11*Inputs!$B$9+(1-Inputs!$B$11)*Inputs!$B$8))+Inputs!$B$18)+(1-C23)*(((INDEX(Inputs!$A$37:$C$37,1,1))*(Inputs!$B$25/14)*Inputs!$B$5+(4.88)*(Inputs!$B$25/14)*(Inputs!$B$10*Inputs!$B$6+(1-Inputs!$B$10)*Inputs!$B$7)+(INDEX(Inputs!$A$37:$C$37,1,3))*(Inputs!$B$25/14)*(Inputs!$B$11*Inputs!$B$9+(1-Inputs!$B$11)*Inputs!$B$8)))) -> 182.58922 | E23: =0 -> 0 | F23: =((INDEX(Inputs!$A$37:$C$37,1,1))*(Inputs!$B$25/14)*Inputs!$B$5+(4.88)*(Inputs!$B$25/14)*(Inputs!$B$10*Inputs!$B$6+(1-Inputs!$B$10)*Inputs!$B$7)+(INDEX(Inputs!$A$37:$C$37,1,3))*(Inputs!$B$25/14)*(Inputs!$B$11*Inputs!$B$9+(1-Inputs!$B$11)*Inputs!$B$8)) -> 224.69542
A24: 4 | B24: =A24<=Inputs!$B$17 -> FALSE | C24: =IF(A24=2,C23*(1-(Inputs!$B$22)),C23) -> 0.276 | D24: =IF(B24,C24*((VLOOKUP("50",Inputs!$A$29:$K$33,3,FALSE()))*(Inputs!$B$25/14)*Inputs!$B$5+(VLOOKUP("50",Inputs!$A$29:$K$33,4,FALSE()))*(Inputs!$B$25/14)*(Inputs!$B$10*Inputs!$B$6+(1-Inputs!$B$10)*Inputs!$B$7)+(VLOOKUP("50",Inputs!$A$29:$K$33,5,FALSE()))*(Inputs!$B$25/14)*(Inputs!$B$11*Inputs!$B$9+(1-Inputs!$B$11)*Inputs!$B$8))+(1-C24)*((VLOOKUP("50",Inputs!$A$29:$K$33,6,FALSE()))*(Inputs!$B$25/14)*Inputs!$B$5+(VLOOKUP("50",Inputs!$A$29:$K$33,7,FALSE()))*(Inputs!$B$25/14)*(Inputs!$B$10*Inputs!$B$6+(1-Inputs!$B$10)*Inputs!$B$7)+(VLOOKUP("50",Inputs!$A$29:$K$33,8,FALSE()))*(Inputs!$B$25/14)*(Inputs!$B$11*Inputs!$B$9+(1-Inputs!$B$11)*Inputs!$B$8)),C24*(((VLOOKUP("50",Inputs!$A$29:$K$33,3,FALSE()))*(Inputs!$B$25/14)*Inputs!$B$5+(VLOOKUP("50",Inputs!$A$29:$K$33,4,FALSE()))*(Inputs!$B$25/14)*(Inputs!$B$10*Inputs!$B$6+(1-Inputs!$B$10)*Inputs!$B$7)+(VLOOKUP("50",Inputs!$A$29:$K$33,5,FALSE()))*(Inputs!$B$25/14)*(Inputs!$B$11*Inputs!$B$9+(1-Inputs!$B$11)*Inputs!$B$8))+Inputs!$B$18)+(1-C24)*(((INDEX(Inputs!$A$37:$C$37,1,1))*(Inputs!$B$25/14)*Inputs!$B$5+(4.88)*(Inputs!$B$25/14)*(Inputs!$B$10*Inputs!$B$6+(1-Inputs!$B$10)*Inputs!$B$7)+(INDEX(Inputs!$A$37:$C$37,1,3))*(Inputs!$B$25/14)*(Inputs!$B$11*Inputs!$B$9+(1-Inputs!$B$11)*Inputs!$B$8)))) -> 250.35931 | E24: =0 -> 0 | F24: =((INDEX(Inputs!$A$37:$C$37,1,1))*(Inputs!$B$25/14)*Inputs!$B$5+(4.88)*(Inputs!$B$25/14)*(Inputs!$B$10*Inputs!$B$6+(1-Inputs!$B$10)*Inputs!$B$7)+(INDEX(Inputs!$A$37:$C$37,1,3))*(Inputs!$B$25/14)*(Inputs!$B$11*Inputs!$B$9+(1-Inputs!$B$11)*Inputs!$B$8)) -> 224.69542
A25: 5 | B25: =A25<=Inputs!$B$17 -> FALSE | C25: =IF(A25=2,C24*(1-(Inputs!$B$22)),C24) -> 0.276 | D25: =IF(B25,C25*((VLOOKUP("50",Inputs!$A$29:$K$33,3,FALSE()))*(Inputs!$B$25/14)*Inputs!$B$5+(VLOOKUP("50",Inputs!$A$29:$K$33,4,FALSE()))*(Inputs!$B$25/14)*(Inputs!$B$10*Inputs!$B$6+(1-Inputs!$B$10)*Inputs!$B$7)+(VLOOKUP("50",Inputs!$A$29:$K$33,5,FALSE()))*(Inputs!$B$25/14)*(Inputs!$B$11*Inputs!$B$9+(1-Inputs!$B$11)*Inputs!$B$8))+(1-C25)*((VLOOKUP("50",Inputs!$A$29:$K$33,6,FALSE()))*(Inputs!$B$25/14)*Inputs!$B$5+(VLOOKUP("50",Inputs!$A$29:$K$33,7,FALSE()))*(Inputs!$B$25/14)*(Inputs!$B$10*Inputs!$B$6+(1-Inputs!$B$10)*Inputs!$B$7)+(VLOOKUP("50",Inputs!$A$29:$K$33,8,FALSE()))*(Inputs!$B$25/14)*(Inputs!$B$11*Inputs!$B$9+(1-Inputs!$B$11)*Inputs!$B$8)),C25*(((VLOOKUP("50",Inputs!$A$29:$K$33,3,FALSE()))*(Inputs!$B$25/14)*Inputs!$B$5+(VLOOKUP("50",Inputs!$A$29:$K$33,4,FALSE()))*(Inputs!$B$25/14)*(Inputs!$B$10*Inputs!$B$6+(1-Inputs!$B$10)*Inputs!$B$7)+(VLOOKUP("50",Inputs!$A$29:$K$33,5,FALSE()))*(Inputs!$B$25/14)*(Inputs!$B$11*Inputs!$B$9+(1-Inputs!$B$11)*Inputs!$B$8))+Inputs!$B$18)+(1-C25)*(((INDEX(Inputs!$A$37:$C$37,1,1))*(Inputs!$B$25/14)*Inputs!$B$5+(4.88)*(Inputs!$B$25/14)*(Inputs!$B$10*Inputs!$B$6+(1-Inputs!$B$10)*Inputs!$B$7)+(INDEX(Inputs!$A$37:$C$37,1,3))*(Inputs!$B$25/14)*(Inputs!$B$11*Inputs!$B$9+(1-Inputs!$B$11)*Inputs!$B$8)))) -> 250.35931 | E25: =0 -> 0 | F25: =((INDEX(Inputs!$A$37:$C$37,1,1))*(Inputs!$B$25/14)*Inputs!$B$5+(4.88)*(Inputs!$B$25/14)*(Inputs!$B$10*Inputs!$B$6+(1-Inputs!$B$10)*Inputs!$B$7)+(INDEX(Inputs!$A$37:$C$37,1,3))*(Inputs!$B$25/14)*(Inputs!$B$11*Inputs!$B$9+(1-Inputs!$B$11)*Inputs!$B$8)) -> 224.69542
A26: 6 | B26: =A26<=Inputs!$B$17 -> FALSE | C26: =IF(A26=2,C25*(1-(Inputs!$B$22)),C25) -> 0.276 | D26: =IF(B26,C26*((VLOOKUP("50",Inputs!$A$29:$K$33,3,FALSE()))*(Inputs!$B$25/14)*Inputs!$B$5+(VLOOKUP("50",Inputs!$A$29:$K$33,4,FALSE()))*(Inputs!$B$25/14)*(Inputs!$B$10*Inputs!$B$6+(1-Inputs!$B$10)*Inputs!$B$7)+(VLOOKUP("50",Inputs!$A$29:$K$33,5,FALSE()))*(Inputs!$B$25/14)*(Inputs!$B$11*Inputs!$B$9+(1-Inputs!$B$11)*Inputs!$B$8))+(1-C26)*((VLOOKUP("50",Inputs!$A$29:$K$33,6,FALSE()))*(Inputs!$B$25/14)*Inputs!$B$5+(VLOOKUP("50",Inputs!$A$29:$K$33,7,FALSE()))*(Inputs!$B$25/14)*(Inputs!$B$10*Inputs!$B$6+(1-Inputs!$B$10)*Inputs!$B$7)+(VLOOKUP("50",Inputs!$A$29:$K$33,8,FALSE()))*(Inputs!$B$25/14)*(Inputs!$B$11*Inputs!$B$9+(1-Inputs!$B$11)*Inputs!$B$8)),C26*(((VLOOKUP("50",Inputs!$A$29:$K$33,3,FALSE()))*(Inputs!$B$25/14)*Inputs!$B$5+(VLOOKUP("50",Inputs!$A$29:$K$33,4,FALSE()))*(Inputs!$B$25/14)*(Inputs!$B$10*Inputs!$B$6+(1-Inputs!$B$10)*Inputs!$B$7)+(VLOOKUP("50",Inputs!$A$29:$K$33,5,FALSE()))*(Inputs!$B$25/14)*(Inputs!$B$11*Inputs!$B$9+(1-Inputs!$B$11)*Inputs!$B$8))+Inputs!$B$18)+(1-C26)*(((INDEX(Inputs!$A$37:$C$37,1,1))*(Inputs!$B$25/14)*Inputs!$B$5+(4.88)*(Inputs!$B$25/14)*(Inputs!$B$10*Inputs!$B$6+(1-Inputs!$B$10)*Inputs!$B$7)+(INDEX(Inputs!$A$37:$C$37,1,3))*(Inputs!$B$25/14)*(Inputs!$B$11*Inputs!$B$9+(1-Inputs!$B$11)*Inputs!$B$8)))) -> 250.35931 | E26: =0 -> 0 | F26: =((INDEX(Inputs!$A$37:$C$37,1,1))*(Inputs!$B$25/14)*Inputs!$B$5+(4.88)*(Inputs!$B$25/14)*(Inputs!$B$10*Inputs!$B$6+(1-Inputs!$B$10)*Inputs!$B$7)+(INDEX(Inputs!$A$37:$C$37,1,3))*(Inputs!$B$25/14)*(Inputs!$B$11*Inputs!$B$9+(1-Inputs!$B$11)*Inputs!$B$8)) -> 224.69542
A27: 7 | B27: =A27<=Inputs!$B$17 -> FALSE | C27: =IF(A27=2,C26*(1-(Inputs!$B$22)),C26) -> 0.276 | D27: =IF(B27,C27*((VLOOKUP("50",Inputs!$A$29:$K$33,3,FALSE()))*(Inputs!$B$25/14)*Inputs!$B$5+(VLOOKUP("50",Inputs!$A$29:$K$33,4,FALSE()))*(Inputs!$B$25/14)*(Inputs!$B$10*Inputs!$B$6+(1-Inputs!$B$10)*Inputs!$B$7)+(VLOOKUP("50",Inputs!$A$29:$K$33,5,FALSE()))*(Inputs!$B$25/14)*(Inputs!$B$11*Inputs!$B$9+(1-Inputs!$B$11)*Inputs!$B$8))+(1-C27)*((VLOOKUP("50",Inputs!$A$29:$K$33,6,FALSE()))*(Inputs!$B$25/14)*Inputs!$B$5+(VLOOKUP("50",Inputs!$A$29:$K$33,7,FALSE()))*(Inputs!$B$25/14)*(Inputs!$B$10*Inputs!$B$6+(1-Inputs!$B$10)*Inputs!$B$7)+(VLOOKUP("50",Inputs!$A$29:$K$33,8,FALSE()))*(Inputs!$B$25/14)*(Inputs!$B$11*Inputs!$B$9+(1-Inputs!$B$11)*Inputs!$B$8)),C27*(((VLOOKUP("50",Inputs!$A$29:$K$33,3,FALSE()))*(Inputs!$B$25/14)*Inputs!$B$5+(VLOOKUP("50",Inputs!$A$29:$K$33,4,FALSE()))*(Inputs!$B$25/14)*(Inputs!$B$10*Inputs!$B$6+(1-Inputs!$B$10)*Inputs!$B$7)+(VLOOKUP("50",Inputs!$A$29:$K$33,5,FALSE()))*(Inputs!$B$25/14)*(Inputs!$B$11*Inputs!$B$9+(1-Inputs!$B$11)*Inputs!$B$8))+Inputs!$B$18)+(1-C27)*(((INDEX(Inputs!$A$37:$C$37,1,1))*(Inputs!$B$25/14)*Inputs!$B$5+(4.88)*(Inputs!$B$25/14)*(Inputs!$B$10*Inputs!$B$6+(1-Inputs!$B$10)*Inputs!$B$7)+(INDEX(Inputs!$A$37:$C$37,1,3))*(Inputs!$B$25/14)*(Inputs!$B$11*Inputs!$B$9+(1-Inputs!$B$11)*Inputs!$B$8)))) -> 250.35931 | E27: =0 -> 0 | F27: =((INDEX(Inputs!$A$37:$C$37,1,1))*(Inputs!$B$25/14)*Inputs!$B$5+(4.88)*(Inputs!$B$25/14)*(Inputs!$B$10*Inputs!$B$6+(1-Inputs!$B$10)*Inputs!$B$7)+(INDEX(Inputs!$A$37:$C$37,1,3))*(Inputs!$B$25/14)*(Inputs!$B$11*Inputs!$B$9+(1-Inputs!$B$11)*Inputs!$B$8)) -> 224.69542
A28: 8 | B28: =A28<=Inputs!$B$17 -> FALSE | C28: =IF(A28=2,C27*(1-(Inputs!$B$22)),C27) -> 0.276 | D28: =IF(B28,C28*((VLOOKUP("50",Inputs!$A$29:$K$33,3,FALSE()))*(Inputs!$B$25/14)*Inputs!$B$5+(VLOOKUP("50",Inputs!$A$29:$K$33,4,FALSE()))*(Inputs!$B$25/14)*(Inputs!$B$10*Inputs!$B$6+(1-Inputs!$B$10)*Inputs!$B$7)+(VLOOKUP("50",Inputs!$A$29:$K$33,5,FALSE()))*(Inputs!$B$25/14)*(Inputs!$B$11*Inputs!$B$9+(1-Inputs!$B$11)*Inputs!$B$8))+(1-C28)*((VLOOKUP("50",Inputs!$A$29:$K$33,6,FALSE()))*(Inputs!$B$25/14)*Inputs!$B$5+(VLOOKUP("50",Inputs!$A$29:$K$33,7,FALSE()))*(Inputs!$B$25/14)*(Inputs!$B$10*Inputs!$B$6+(1-Inputs!$B$10)*Inputs!$B$7)+(VLOOKUP("50",Inputs!$A$29:$K$33,8,FALSE()))*(Inputs!$B$25/14)*(Inputs!$B$11*Inputs!$B$9+(1-Inputs!$B$11)*Inputs!$B$8)),C28*(((VLOOKUP("50",Inputs!$A$29:$K$33,3,FALSE()))*(Inputs!$B$25/14)*Inputs!$B$5+(VLOOKUP("50",Inputs!$A$29:$K$33,4,FALSE()))*(Inputs!$B$25/14)*(Inputs!$B$10*Inputs!$B$6+(1-Inputs!$B$10)*Inputs!$B$7)+(VLOOKUP("50",Inputs!$A$29:$K$33,5,FALSE()))*(Inputs!$B$25/14)*(Inputs!$B$11*Inputs!$B$9+(1-Inputs!$B$11)*Inputs!$B$8))+Inputs!$B$18)+(1-C28)*(((INDEX(Inputs!$A$37:$C$37,1,1))*(Inputs!$B$25/14)*Inputs!$B$5+(4.88)*(Inputs!$B$25/14)*(Inputs!$B$10*Inputs!$B$6+(1-Inputs!$B$10)*Inputs!$B$7)+(INDEX(Inputs!$A$37:$C$37,1,3))*(Inputs!$B$25/14)*(Inputs!$B$11*Inputs!$B$9+(1-Inputs!$B$11)*Inputs!$B$8)))) -> 250.35931 | E28: =0 -> 0 | F28: =((INDEX(Inputs!$A$37:$C$37,1,1))*(Inputs!$B$25/14)*Inputs!$B$5+(4.88)*(Inputs!$B$25/14)*(Inputs!$B$10*Inputs!$B$6+(1-Inputs!$B$10)*Inputs!$B$7)+(INDEX(Inputs!$A$37:$C$37,1,3))*(Inputs!$B$25/14)*(Inputs!$B$11*Inputs!$B$9+(1-Inputs!$B$11)*Inputs!$B$8)) -> 224.69542
A29: 9 | B29: =A29<=Inputs!$B$17 -> FALSE | C29: =IF(A29=2,C28*(1-(Inputs!$B$22)),C28) -> 0.276 | D29: =IF(B29,C29*((VLOOKUP("50",Inputs!$A$29:$K$33,3,FALSE()))*(Inputs!$B$25/14)*Inputs!$B$5+(VLOOKUP("50",Inputs!$A$29:$K$33,4,FALSE()))*(Inputs!$B$25/14)*(Inputs!$B$10*Inputs!$B$6+(1-Inputs!$B$10)*Inputs!$B$7)+(VLOOKUP("50",Inputs!$A$29:$K$33,5,FALSE()))*(Inputs!$B$25/14)*(Inputs!$B$11*Inputs!$B$9+(1-Inputs!$B$11)*Inputs!$B$8))+(1-C29)*((VLOOKUP("50",Inputs!$A$29:$K$33,6,FALSE()))*(Inputs!$B$25/14)*Inputs!$B$5+(VLOOKUP("50",Inputs!$A$29:$K$33,7,FALSE()))*(Inputs!$B$25/14)*(Inputs!$B$10*Inputs!$B$6+(1-Inputs!$B$10)*Inputs!$B$7)+(VLOOKUP("50",Inputs!$A$29:$K$33,8,FALSE()))*(Inputs!$B$25/14)*(Inputs!$B$11*Inputs!$B$9+(1-Inputs!$B$11)*Inputs!$B$8)),C29*(((VLOOKUP("50",Inputs!$A$29:$K$33,3,FALSE()))*(Inputs!$B$25/14)*Inputs!$B$5+(VLOOKUP("50",Inputs!$A$29:$K$33,4,FALSE()))*(Inputs!$B$25/14)*(Inputs!$B$10*Inputs!$B$6+(1-Inputs!$B$10)*Inputs!$B$7)+(VLOOKUP("50",Inputs!$A$29:$K$33,5,FALSE()))*(Inputs!$B$25/14)*(Inputs!$B$11*Inputs!$B$9+(1-Inputs!$B$11)*Inputs!$B$8))+Inputs!$B$18)+(1-C29)*(((INDEX(Inputs!$A$37:$C$37,1,1))*(Inputs!$B$25/14)*Inputs!$B$5+(4.88)*(Inputs!$B$25/14)*(Inputs!$B$10*Inputs!$B$6+(1-Inputs!$B$10)*Inputs!$B$7)+(INDEX(Inputs!$A$37:$C$37,1,3))*(Inputs!$B$25/14)*(Inputs!$B$11*Inputs!$B$9+(1-Inputs!$B$11)*Inputs!$B$8)))) -> 250.35931 | E29: =0 -> 0 | F29: =((INDEX(Inputs!$A$37:$C$37,1,1))*(Inputs!$B$25/14)*Inputs!$B$5+(4.88)*(Inputs!$B$25/14)*(Inputs!$B$10*Inputs!$B$6+(1-Inputs!$B$10)*Inputs!$B$7)+(INDEX(Inputs!$A$37:$C$37,1,3))*(Inputs!$B$25/14)*(Inputs!$B$11*Inputs!$B$9+(1-Inputs!$B$11)*Inputs!$B$8)) -> 224.69542
A30: 10 | B30: =A30<=Inputs!$B$17 -> FALSE | C30: =IF(A30=2,C29*(1-(Inputs!$B$22)),C29) -> 0.276 | D30: =IF(B30,C30*((VLOOKUP("50",Inputs!$A$29:$K$33,3,FALSE()))*(Inputs!$B$25/14)*Inputs!$B$5+(VLOOKUP("50",Inputs!$A$29:$K$33,4,FALSE()))*(Inputs!$B$25/14)*(Inputs!$B$10*Inputs!$B$6+(1-Inputs!$B$10)*Inputs!$B$7)+(VLOOKUP("50",Inputs!$A$29:$K$33,5,FALSE()))*(Inputs!$B$25/14)*(Inputs!$B$11*Inputs!$B$9+(1-Inputs!$B$11)*Inputs!$B$8))+(1-C30)*((VLOOKUP("50",Inputs!$A$29:$K$33,6,FALSE()))*(Inputs!$B$25/14)*Inputs!$B$5+(VLOOKUP("50",Inputs!$A$29:$K$33,7,FALSE()))*(Inputs!$B$25/14)*(Inputs!$B$10*Inputs!$B$6+(1-Inputs!$B$10)*Inputs!$B$7)+(VLOOKUP("50",Inputs!$A$29:$K$33,8,FALSE()))*(Inputs!$B$25/14)*(Inputs!$B$11*Inputs!$B$9+(1-Inputs!$B$11)*Inputs!$B$8)),C30*(((VLOOKUP("50",Inputs!$A$29:$K$33,3,FALSE()))*(Inputs!$B$25/14)*Inputs!$B$5+(VLOOKUP("50",Inputs!$A$29:$K$33,4,FALSE()))*(Inputs!$B$25/14)*(Inputs!$B$10*Inputs!$B$6+(1-Inputs!$B$10)*Inputs!$B$7)+(VLOOKUP("50",Inputs!$A$29:$K$33,5,FALSE()))*(Inputs!$B$25/14)*(Inputs!$B$11*Inputs!$B$9+(1-Inputs!$B$11)*Inputs!$B$8))+Inputs!$B$18)+(1-C30)*(((INDEX(Inputs!$A$37:$C$37,1,1))*(Inputs!$B$25/14)*Inputs!$B$5+(4.88)*(Inputs!$B$25/14)*(Inputs!$B$10*Inputs!$B$6+(1-Inputs!$B$10)*Inputs!$B$7)+(INDEX(Inputs!$A$37:$C$37,1,3))*(Inputs!$B$25/14)*(Inputs!$B$11*Inputs!$B$9+(1-Inputs!$B$11)*Inputs!$B$8)))) -> 250.35931 | E30: =0 -> 0 | F30: =((INDEX(Inputs!$A$37:$C$37,1,1))*(Inputs!$B$25/14)*Inputs!$B$5+(4.88)*(Inputs!$B$25/14)*(Inputs!$B$10*Inputs!$B$6+(1-Inputs!$B$10)*Inputs!$B$7)+(INDEX(Inputs!$A$37:$C$37,1,3))*(Inputs!$B$25/14)*(Inputs!$B$11*Inputs!$B$9+(1-Inputs!$B$11)*Inputs!$B$8)) -> 224.69542
A31: 11 | B31: =A31<=Inputs!$B$17 -> FALSE | C31: =IF(A31=2,C30*(1-(Inputs!$B$22)),C30) -> 0.276 | D31: =IF(B31,C31*((VLOOKUP("50",Inputs!$A$29:$K$33,3,FALSE()))*(Inputs!$B$25/14)*Inputs!$B$5+(VLOOKUP("50",Inputs!$A$29:$K$33,4,FALSE()))*(Inputs!$B$25/14)*(Inputs!$B$10*Inputs!$B$6+(1-Inputs!$B$10)*Inputs!$B$7)+(VLOOKUP("50",Inputs!$A$29:$K$33,5,FALSE()))*(Inputs!$B$25/14)*(Inputs!$B$11*Inputs!$B$9+(1-Inputs!$B$11)*Inputs!$B$8))+(1-C31)*((VLOOKUP("50",Inputs!$A$29:$K$33,6,FALSE()))*(Inputs!$B$25/14)*Inputs!$B$5+(VLOOKUP("50",Inputs!$A$29:$K$33,7,FALSE()))*(Inputs!$B$25/14)*(Inputs!$B$10*Inputs!$B$6+(1-Inputs!$B$10)*Inputs!$B$7)+(VLOOKUP("50",Inputs!$A$29:$K$33,8,FALSE()))*(Inputs!$B$25/14)*(Inputs!$B$11*Inputs!$B$9+(1-Inputs!$B$11)*Inputs!$B$8)),C31*(((VLOOKUP("50",Inputs!$A$29:$K$33,3,FALSE()))*(Inputs!$B$25/14)*Inputs!$B$5+(VLOOKUP("50",Inputs!$A$29:$K$33,4,FALSE()))*(Inputs!$B$25/14)*(Inputs!$B$10*Inputs!$B$6+(1-Inputs!$B$10)*Inputs!$B$7)+(VLOOKUP("50",Inputs!$A$29:$K$33,5,FALSE()))*(Inputs!$B$25/14)*(Inputs!$B$11*Inputs!$B$9+(1-Inputs!$B$11)*Inputs!$B$8))+Inputs!$B$18)+(1-C31)*(((INDEX(Inputs!$A$37:$C$37,1,1))*(Inputs!$B$25/14)*Inputs!$B$5+(4.88)*(Inputs!$B$25/14)*(Inputs!$B$10*Inputs!$B$6+(1-Inputs!$B$10)*Inputs!$B$7)+(INDEX(Inputs!$A$37:$C$37,1,3))*(Inputs!$B$25/14)*(Inputs!$B$11*Inputs!$B$9+(1-Inputs!$B$11)*Inputs!$B$8)))) -> 250.35931 | E31: =0 -> 0 | F31: =((INDEX(Inputs!$A$37:$C$37,1,1))*(Inputs!$B$25/14)*Inputs!$B$5+(4.88)*(Inputs!$B$25/14)*(Inputs!$B$10*Inputs!$B$6+(1-Inputs!$B$10)*Inputs!$B$7)+(INDEX(Inputs!$A$37:$C$37,1,3))*(Inputs!$B$25/14)*(Inputs!$B$11*Inputs!$B$9+(1-Inputs!$B$11)*Inputs!$B$8)) -> 224.69542
A32: 12 | B32: =A32<=Inputs!$B$17 -> FALSE | C32: =IF(A32=2,C31*(1-(Inputs!$B$22)),C31) -> 0.276 | D32: =IF(B32,C32*((VLOOKUP("50",Inputs!$A$29:$K$33,3,FALSE()))*(Inputs!$B$25/14)*Inputs!$B$5+(VLOOKUP("50",Inputs!$A$29:$K$33,4,FALSE()))*(Inputs!$B$25/14)*(Inputs!$B$10*Inputs!$B$6+(1-Inputs!$B$10)*Inputs!$B$7)+(VLOOKUP("50",Inputs!$A$29:$K$33,5,FALSE()))*(Inputs!$B$25/14)*(Inputs!$B$11*Inputs!$B$9+(1-Inputs!$B$11)*Inputs!$B$8))+(1-C32)*((VLOOKUP("50",Inputs!$A$29:$K$33,6,FALSE()))*(Inputs!$B$25/14)*Inputs!$B$5+(VLOOKUP("50",Inputs!$A$29:$K$33,7,FALSE()))*(Inputs!$B$25/14)*(Inputs!$B$10*Inputs!$B$6+(1-Inputs!$B$10)*Inputs!$B$7)+(VLOOKUP("50",Inputs!$A$29:$K$33,8,FALSE()))*(Inputs!$B$25/14)*(Inputs!$B$11*Inputs!$B$9+(1-Inputs!$B$11)*Inputs!$B$8)),C32*(((VLOOKUP("50",Inputs!$A$29:$K$33,3,FALSE()))*(Inputs!$B$25/14)*Inputs!$B$5+(VLOOKUP("50",Inputs!$A$29:$K$33,4,FALSE()))*(Inputs!$B$25/14)*(Inputs!$B$10*Inputs!$B$6+(1-Inputs!$B$10)*Inputs!$B$7)+(VLOOKUP("50",Inputs!$A$29:$K$33,5,FALSE()))*(Inputs!$B$25/14)*(Inputs!$B$11*Inputs!$B$9+(1-Inputs!$B$11)*Inputs!$B$8))+Inputs!$B$18)+(1-C32)*(((INDEX(Inputs!$A$37:$C$37,1,1))*(Inputs!$B$25/14)*Inputs!$B$5+(4.88)*(Inputs!$B$25/14)*(Inputs!$B$10*Inputs!$B$6+(1-Inputs!$B$10)*Inputs!$B$7)+(INDEX(Inputs!$A$37:$C$37,1,3))*(Inputs!$B$25/14)*(Inputs!$B$11*Inputs!$B$9+(1-Inputs!$B$11)*Inputs!$B$8)))) -> 250.35931 | E32: =0 -> 0 | F32: =((INDEX(Inputs!$A$37:$C$37,1,1))*(Inputs!$B$25/14)*Inputs!$B$5+(4.88)*(Inputs!$B$25/14)*(Inputs!$B$10*Inputs!$B$6+(1-Inputs!$B$10)*Inputs!$B$7)+(INDEX(Inputs!$A$37:$C$37,1,3))*(Inputs!$B$25/14)*(Inputs!$B$11*Inputs!$B$9+(1-Inputs!$B$11)*Inputs!$B$8)) -> 224.69542
A33: Difference | D33: =SUM(D21:D32)-SUM(F21:F32) -> 101.68615
A35: Sumatriptan doses/14d — SoC non-responder — UPPER bound (10.67)
A36: Cycle | B36: Free trial? | C36: gCore resp % | D36: gCore cost (£) | E36: SoC resp % | F36: SoC cost (£)
A37: 1 | B37: =A37<=Inputs!$B$17 -> TRUE | C37: =VLOOKUP("50",Inputs!$A$29:$K$33,2,FALSE()) -> 0.4 | D37: =IF(B37,C37*((VLOOKUP("50",Inputs!$A$29:$K$33,3,FALSE()))*(Inputs!$B$25/14)*Inputs!$B$5+(VLOOKUP("50",Inputs!$A$29:$K$33,4,FALSE()))*(Inputs!$B$25/14)*(Inputs!$B$10*Inputs!$B$6+(1-Inputs!$B$10)*Inputs!$B$7)+(VLOOKUP("50",Inputs!$A$29:$K$33,5,FALSE()))*(Inputs!$B$25/14)*(Inputs!$B$11*Inputs!$B$9+(1-Inputs!$B$11)*Inputs!$B$8))+(1-C37)*((VLOOKUP("50",Inputs!$A$29:$K$33,6,FALSE()))*(Inputs!$B$25/14)*Inputs!$B$5+(VLOOKUP("50",Inputs!$A$29:$K$33,7,FALSE()))*(Inputs!$B$25/14)*(Inputs!$B$10*Inputs!$B$6+(1-Inputs!$B$10)*Inputs!$B$7)+(VLOOKUP("50",Inputs!$A$29:$K$33,8,FALSE()))*(Inputs!$B$25/14)*(Inputs!$B$11*Inputs!$B$9+(1-Inputs!$B$11)*Inputs!$B$8)),C37*(((VLOOKUP("50",Inputs!$A$29:$K$33,3,FALSE()))*(Inputs!$B$25/14)*Inputs!$B$5+(VLOOKUP("50",Inputs!$A$29:$K$33,4,FALSE()))*(Inputs!$B$25/14)*(Inputs!$B$10*Inputs!$B$6+(1-Inputs!$B$10)*Inputs!$B$7)+(VLOOKUP("50",Inputs!$A$29:$K$33,5,FALSE()))*(Inputs!$B$25/14)*(Inputs!$B$11*Inputs!$B$9+(1-Inputs!$B$11)*Inputs!$B$8))+Inputs!$B$18)+(1-C37)*(((INDEX(Inputs!$A$37:$C$37,1,1))*(Inputs!$B$25/14)*Inputs!$B$5+(10.67)*(Inputs!$B$25/14)*(Inputs!$B$10*Inputs!$B$6+(1-Inputs!$B$10)*Inputs!$B$7)+(INDEX(Inputs!$A$37:$C$37,1,3))*(Inputs!$B$25/14)*(Inputs!$B$11*Inputs!$B$9+(1-Inputs!$B$11)*Inputs!$B$8)))) -> 170.04501 | E37: =Inputs!$B$21 -> 0.083 | F37: =E37*((VLOOKUP("50",Inputs!$A$29:$K$33,3,FALSE()))*(Inputs!$B$25/14)*Inputs!$B$5+(VLOOKUP("50",Inputs!$A$29:$K$33,4,FALSE()))*(Inputs!$B$25/14)*(Inputs!$B$10*Inputs!$B$6+(1-Inputs!$B$10)*Inputs!$B$7)+(VLOOKUP("50",Inputs!$A$29:$K$33,5,FALSE()))*(Inputs!$B$25/14)*(Inputs!$B$11*Inputs!$B$9+(1-Inputs!$B$11)*Inputs!$B$8))+(1-E37)*((INDEX(Inputs!$A$37:$C$37,1,1))*(Inputs!$B$25/14)*Inputs!$B$5+(10.67)*(Inputs!$B$25/14)*(Inputs!$B$10*Inputs!$B$6+(1-Inputs!$B$10)*Inputs!$B$7)+(INDEX(Inputs!$A$37:$C$37,1,3))*(Inputs!$B$25/14)*(Inputs!$B$11*Inputs!$B$9+(1-Inputs!$B$11)*Inputs!$B$8)) -> 423.64941
A38: 2 | B38: =A38<=Inputs!$B$17 -> TRUE | C38: =IF(A38=2,C37*(1-(Inputs!$B$22)),C37) -> 0.276 | D38: =IF(B38,C38*((VLOOKUP("50",Inputs!$A$29:$K$33,3,FALSE()))*(Inputs!$B$25/14)*Inputs!$B$5+(VLOOKUP("50",Inputs!$A$29:$K$33,4,FALSE()))*(Inputs!$B$25/14)*(Inputs!$B$10*Inputs!$B$6+(1-Inputs!$B$10)*Inputs!$B$7)+(VLOOKUP("50",Inputs!$A$29:$K$33,5,FALSE()))*(Inputs!$B$25/14)*(Inputs!$B$11*Inputs!$B$9+(1-Inputs!$B$11)*Inputs!$B$8))+(1-C38)*((VLOOKUP("50",Inputs!$A$29:$K$33,6,FALSE()))*(Inputs!$B$25/14)*Inputs!$B$5+(VLOOKUP("50",Inputs!$A$29:$K$33,7,FALSE()))*(Inputs!$B$25/14)*(Inputs!$B$10*Inputs!$B$6+(1-Inputs!$B$10)*Inputs!$B$7)+(VLOOKUP("50",Inputs!$A$29:$K$33,8,FALSE()))*(Inputs!$B$25/14)*(Inputs!$B$11*Inputs!$B$9+(1-Inputs!$B$11)*Inputs!$B$8)),C38*(((VLOOKUP("50",Inputs!$A$29:$K$33,3,FALSE()))*(Inputs!$B$25/14)*Inputs!$B$5+(VLOOKUP("50",Inputs!$A$29:$K$33,4,FALSE()))*(Inputs!$B$25/14)*(Inputs!$B$10*Inputs!$B$6+(1-Inputs!$B$10)*Inputs!$B$7)+(VLOOKUP("50",Inputs!$A$29:$K$33,5,FALSE()))*(Inputs!$B$25/14)*(Inputs!$B$11*Inputs!$B$9+(1-Inputs!$B$11)*Inputs!$B$8))+Inputs!$B$18)+(1-C38)*(((INDEX(Inputs!$A$37:$C$37,1,1))*(Inputs!$B$25/14)*Inputs!$B$5+(10.67)*(Inputs!$B$25/14)*(Inputs!$B$10*Inputs!$B$6+(1-Inputs!$B$10)*Inputs!$B$7)+(INDEX(Inputs!$A$37:$C$37,1,3))*(Inputs!$B$25/14)*(Inputs!$B$11*Inputs!$B$9+(1-Inputs!$B$11)*Inputs!$B$8)))) -> 182.58922 | E38: =0 -> 0 | F38: =((INDEX(Inputs!$A$37:$C$37,1,1))*(Inputs!$B$25/14)*Inputs!$B$5+(10.67)*(Inputs!$B$25/14)*(Inputs!$B$10*Inputs!$B$6+(1-Inputs!$B$10)*Inputs!$B$7)+(INDEX(Inputs!$A$37:$C$37,1,3))*(Inputs!$B$25/14)*(Inputs!$B$11*Inputs!$B$9+(1-Inputs!$B$11)*Inputs!$B$8)) -> 452.0977
A39: 3 | B39: =A39<=Inputs!$B$17 -> TRUE | C39: =IF(A39=2,C38*(1-(Inputs!$B$22)),C38) -> 0.276 | D39: =IF(B39,C39*((VLOOKUP("50",Inputs!$A$29:$K$33,3,FALSE()))*(Inputs!$B$25/14)*Inputs!$B$5+(VLOOKUP("50",Inputs!$A$29:$K$33,4,FALSE()))*(Inputs!$B$25/14)*(Inputs!$B$10*Inputs!$B$6+(1-Inputs!$B$10)*Inputs!$B$7)+(VLOOKUP("50",Inputs!$A$29:$K$33,5,FALSE()))*(Inputs!$B$25/14)*(Inputs!$B$11*Inputs!$B$9+(1-Inputs!$B$11)*Inputs!$B$8))+(1-C39)*((VLOOKUP("50",Inputs!$A$29:$K$33,6,FALSE()))*(Inputs!$B$25/14)*Inputs!$B$5+(VLOOKUP("50",Inputs!$A$29:$K$33,7,FALSE()))*(Inputs!$B$25/14)*(Inputs!$B$10*Inputs!$B$6+(1-Inputs!$B$10)*Inputs!$B$7)+(VLOOKUP("50",Inputs!$A$29:$K$33,8,FALSE()))*(Inputs!$B$25/14)*(Inputs!$B$11*Inputs!$B$9+(1-Inputs!$B$11)*Inputs!$B$8)),C39*(((VLOOKUP("50",Inputs!$A$29:$K$33,3,FALSE()))*(Inputs!$B$25/14)*Inputs!$B$5+(VLOOKUP("50",Inputs!$A$29:$K$33,4,FALSE()))*(Inputs!$B$25/14)*(Inputs!$B$10*Inputs!$B$6+(1-Inputs!$B$10)*Inputs!$B$7)+(VLOOKUP("50",Inputs!$A$29:$K$33,5,FALSE()))*(Inputs!$B$25/14)*(Inputs!$B$11*Inputs!$B$9+(1-Inputs!$B$11)*Inputs!$B$8))+Inputs!$B$18)+(1-C39)*(((INDEX(Inputs!$A$37:$C$37,1,1))*(Inputs!$B$25/14)*Inputs!$B$5+(10.67)*(Inputs!$B$25/14)*(Inputs!$B$10*Inputs!$B$6+(1-Inputs!$B$10)*Inputs!$B$7)+(INDEX(Inputs!$A$37:$C$37,1,3))*(Inputs!$B$25/14)*(Inputs!$B$11*Inputs!$B$9+(1-Inputs!$B$11)*Inputs!$B$8)))) -> 182.58922 | E39: =0 -> 0 | F39: =((INDEX(Inputs!$A$37:$C$37,1,1))*(Inputs!$B$25/14)*Inputs!$B$5+(10.67)*(Inputs!$B$25/14)*(Inputs!$B$10*Inputs!$B$6+(1-Inputs!$B$10)*Inputs!$B$7)+(INDEX(Inputs!$A$37:$C$37,1,3))*(Inputs!$B$25/14)*(Inputs!$B$11*Inputs!$B$9+(1-Inputs!$B$11)*Inputs!$B$8)) -> 452.0977
A40: 4 | B40: =A40<=Inputs!$B$17 -> FALSE | C40: =IF(A40=2,C39*(1-(Inputs!$B$22)),C39) -> 0.276 | D40: =IF(B40,C40*((VLOOKUP("50",Inputs!$A$29:$K$33,3,FALSE()))*(Inputs!$B$25/14)*Inputs!$B$5+(VLOOKUP("50",Inputs!$A$29:$K$33,4,FALSE()))*(Inputs!$B$25/14)*(Inputs!$B$10*Inputs!$B$6+(1-Inputs!$B$10)*Inputs!$B$7)+(VLOOKUP("50",Inputs!$A$29:$K$33,5,FALSE()))*(Inputs!$B$25/14)*(Inputs!$B$11*Inputs!$B$9+(1-Inputs!$B$11)*Inputs!$B$8))+(1-C40)*((VLOOKUP("50",Inputs!$A$29:$K$33,6,FALSE()))*(Inputs!$B$25/14)*Inputs!$B$5+(VLOOKUP("50",Inputs!$A$29:$K$33,7,FALSE()))*(Inputs!$B$25/14)*(Inputs!$B$10*Inputs!$B$6+(1-Inputs!$B$10)*Inputs!$B$7)+(VLOOKUP("50",Inputs!$A$29:$K$33,8,FALSE()))*(Inputs!$B$25/14)*(Inputs!$B$11*Inputs!$B$9+(1-Inputs!$B$11)*Inputs!$B$8)),C40*(((VLOOKUP("50",Inputs!$A$29:$K$33,3,FALSE()))*(Inputs!$B$25/14)*Inputs!$B$5+(VLOOKUP("50",Inputs!$A$29:$K$33,4,FALSE()))*(Inputs!$B$25/14)*(Inputs!$B$10*Inputs!$B$6+(1-Inputs!$B$10)*Inputs!$B$7)+(VLOOKUP("50",Inputs!$A$29:$K$33,5,FALSE()))*(Inputs!$B$25/14)*(Inputs!$B$11*Inputs!$B$9+(1-Inputs!$B$11)*Inputs!$B$8))+Inputs!$B$18)+(1-C40)*(((INDEX(Inputs!$A$37:$C$37,1,1))*(Inputs!$B$25/14)*Inputs!$B$5+(10.67)*(Inputs!$B$25/14)*(Inputs!$B$10*Inputs!$B$6+(1-Inputs!$B$10)*Inputs!$B$7)+(INDEX(Inputs!$A$37:$C$37,1,3))*(Inputs!$B$25/14)*(Inputs!$B$11*Inputs!$B$9+(1-Inputs!$B$11)*Inputs!$B$8)))) -> 414.99857 | E40: =0 -> 0 | F40: =((INDEX(Inputs!$A$37:$C$37,1,1))*(Inputs!$B$25/14)*Inputs!$B$5+(10.67)*(Inputs!$B$25/14)*(Inputs!$B$10*Inputs!$B$6+(1-Inputs!$B$10)*Inputs!$B$7)+(INDEX(Inputs!$A$37:$C$37,1,3))*(Inputs!$B$25/14)*(Inputs!$B$11*Inputs!$B$9+(1-Inputs!$B$11)*Inputs!$B$8)) -> 452.0977
A41: 5 | B41: =A41<=Inputs!$B$17 -> FALSE | C41: =IF(A41=2,C40*(1-(Inputs!$B$22)),C40) -> 0.276 | D41: =IF(B41,C41*((VLOOKUP("50",Inputs!$A$29:$K$33,3,FALSE()))*(Inputs!$B$25/14)*Inputs!$B$5+(VLOOKUP("50",Inputs!$A$29:$K$33,4,FALSE()))*(Inputs!$B$25/14)*(Inputs!$B$10*Inputs!$B$6+(1-Inputs!$B$10)*Inputs!$B$7)+(VLOOKUP("50",Inputs!$A$29:$K$33,5,FALSE()))*(Inputs!$B$25/14)*(Inputs!$B$11*Inputs!$B$9+(1-Inputs!$B$11)*Inputs!$B$8))+(1-C41)*((VLOOKUP("50",Inputs!$A$29:$K$33,6,FALSE()))*(Inputs!$B$25/14)*Inputs!$B$5+(VLOOKUP("50",Inputs!$A$29:$K$33,7,FALSE()))*(Inputs!$B$25/14)*(Inputs!$B$10*Inputs!$B$6+(1-Inputs!$B$10)*Inputs!$B$7)+(VLOOKUP("50",Inputs!$A$29:$K$33,8,FALSE()))*(Inputs!$B$25/14)*(Inputs!$B$11*Inputs!$B$9+(1-Inputs!$B$11)*Inputs!$B$8)),C41*(((VLOOKUP("50",Inputs!$A$29:$K$33,3,FALSE()))*(Inputs!$B$25/14)*Inputs!$B$5+(VLOOKUP("50",Inputs!$A$29:$K$33,4,FALSE()))*(Inputs!$B$25/14)*(Inputs!$B$10*Inputs!$B$6+(1-Inputs!$B$10)*Inputs!$B$7)+(VLOOKUP("50",Inputs!$A$29:$K$33,5,FALSE()))*(Inputs!$B$25/14)*(Inputs!$B$11*Inputs!$B$9+(1-Inputs!$B$11)*Inputs!$B$8))+Inputs!$B$18)+(1-C41)*(((INDEX(Inputs!$A$37:$C$37,1,1))*(Inputs!$B$25/14)*Inputs!$B$5+(10.67)*(Inputs!$B$25/14)*(Inputs!$B$10*Inputs!$B$6+(1-Inputs!$B$10)*Inputs!$B$7)+(INDEX(Inputs!$A$37:$C$37,1,3))*(Inputs!$B$25/14)*(Inputs!$B$11*Inputs!$B$9+(1-Inputs!$B$11)*Inputs!$B$8)))) -> 414.99857 | E41: =0 -> 0 | F41: =((INDEX(Inputs!$A$37:$C$37,1,1))*(Inputs!$B$25/14)*Inputs!$B$5+(10.67)*(Inputs!$B$25/14)*(Inputs!$B$10*Inputs!$B$6+(1-Inputs!$B$10)*Inputs!$B$7)+(INDEX(Inputs!$A$37:$C$37,1,3))*(Inputs!$B$25/14)*(Inputs!$B$11*Inputs!$B$9+(1-Inputs!$B$11)*Inputs!$B$8)) -> 452.0977
A42: 6 | B42: =A42<=Inputs!$B$17 -> FALSE | C42: =IF(A42=2,C41*(1-(Inputs!$B$22)),C41) -> 0.276 | D42: =IF(B42,C42*((VLOOKUP("50",Inputs!$A$29:$K$33,3,FALSE()))*(Inputs!$B$25/14)*Inputs!$B$5+(VLOOKUP("50",Inputs!$A$29:$K$33,4,FALSE()))*(Inputs!$B$25/14)*(Inputs!$B$10*Inputs!$B$6+(1-Inputs!$B$10)*Inputs!$B$7)+(VLOOKUP("50",Inputs!$A$29:$K$33,5,FALSE()))*(Inputs!$B$25/14)*(Inputs!$B$11*Inputs!$B$9+(1-Inputs!$B$11)*Inputs!$B$8))+(1-C42)*((VLOOKUP("50",Inputs!$A$29:$K$33,6,FALSE()))*(Inputs!$B$25/14)*Inputs!$B$5+(VLOOKUP("50",Inputs!$A$29:$K$33,7,FALSE()))*(Inputs!$B$25/14)*(Inputs!$B$10*Inputs!$B$6+(1-Inputs!$B$10)*Inputs!$B$7)+(VLOOKUP("50",Inputs!$A$29:$K$33,8,FALSE()))*(Inputs!$B$25/14)*(Inputs!$B$11*Inputs!$B$9+(1-Inputs!$B$11)*Inputs!$B$8)),C42*(((VLOOKUP("50",Inputs!$A$29:$K$33,3,FALSE()))*(Inputs!$B$25/14)*Inputs!$B$5+(VLOOKUP("50",Inputs!$A$29:$K$33,4,FALSE()))*(Inputs!$B$25/14)*(Inputs!$B$10*Inputs!$B$6+(1-Inputs!$B$10)*Inputs!$B$7)+(VLOOKUP("50",Inputs!$A$29:$K$33,5,FALSE()))*(Inputs!$B$25/14)*(Inputs!$B$11*Inputs!$B$9+(1-Inputs!$B$11)*Inputs!$B$8))+Inputs!$B$18)+(1-C42)*(((INDEX(Inputs!$A$37:$C$37,1,1))*(Inputs!$B$25/14)*Inputs!$B$5+(10.67)*(Inputs!$B$25/14)*(Inputs!$B$10*Inputs!$B$6+(1-Inputs!$B$10)*Inputs!$B$7)+(INDEX(Inputs!$A$37:$C$37,1,3))*(Inputs!$B$25/14)*(Inputs!$B$11*Inputs!$B$9+(1-Inputs!$B$11)*Inputs!$B$8)))) -> 414.99857 | E42: =0 -> 0 | F42: =((INDEX(Inputs!$A$37:$C$37,1,1))*(Inputs!$B$25/14)*Inputs!$B$5+(10.67)*(Inputs!$B$25/14)*(Inputs!$B$10*Inputs!$B$6+(1-Inputs!$B$10)*Inputs!$B$7)+(INDEX(Inputs!$A$37:$C$37,1,3))*(Inputs!$B$25/14)*(Inputs!$B$11*Inputs!$B$9+(1-Inputs!$B$11)*Inputs!$B$8)) -> 452.0977
A43: 7 | B43: =A43<=Inputs!$B$17 -> FALSE | C43: =IF(A43=2,C42*(1-(Inputs!$B$22)),C42) -> 0.276 | D43: =IF(B43,C43*((VLOOKUP("50",Inputs!$A$29:$K$33,3,FALSE()))*(Inputs!$B$25/14)*Inputs!$B$5+(VLOOKUP("50",Inputs!$A$29:$K$33,4,FALSE()))*(Inputs!$B$25/14)*(Inputs!$B$10*Inputs!$B$6+(1-Inputs!$B$10)*Inputs!$B$7)+(VLOOKUP("50",Inputs!$A$29:$K$33,5,FALSE()))*(Inputs!$B$25/14)*(Inputs!$B$11*Inputs!$B$9+(1-Inputs!$B$11)*Inputs!$B$8))+(1-C43)*((VLOOKUP("50",Inputs!$A$29:$K$33,6,FALSE()))*(Inputs!$B$25/14)*Inputs!$B$5+(VLOOKUP("50",Inputs!$A$29:$K$33,7,FALSE()))*(Inputs!$B$25/14)*(Inputs!$B$10*Inputs!$B$6+(1-Inputs!$B$10)*Inputs!$B$7)+(VLOOKUP("50",Inputs!$A$29:$K$33,8,FALSE()))*(Inputs!$B$25/14)*(Inputs!$B$11*Inputs!$B$9+(1-Inputs!$B$11)*Inputs!$B$8)),C43*(((VLOOKUP("50",Inputs!$A$29:$K$33,3,FALSE()))*(Inputs!$B$25/14)*Inputs!$B$5+(VLOOKUP("50",Inputs!$A$29:$K$33,4,FALSE()))*(Inputs!$B$25/14)*(Inputs!$B$10*Inputs!$B$6+(1-Inputs!$B$10)*Inputs!$B$7)+(VLOOKUP("50",Inputs!$A$29:$K$33,5,FALSE()))*(Inputs!$B$25/14)*(Inputs!$B$11*Inputs!$B$9+(1-Inputs!$B$11)*Inputs!$B$8))+Inputs!$B$18)+(1-C43)*(((INDEX(Inputs!$A$37:$C$37,1,1))*(Inputs!$B$25/14)*Inputs!$B$5+(10.67)*(Inputs!$B$25/14)*(Inputs!$B$10*Inputs!$B$6+(1-Inputs!$B$10)*Inputs!$B$7)+(INDEX(Inputs!$A$37:$C$37,1,3))*(Inputs!$B$25/14)*(Inputs!$B$11*Inputs!$B$9+(1-Inputs!$B$11)*Inputs!$B$8)))) -> 414.99857 | E43: =0 -> 0 | F43: =((INDEX(Inputs!$A$37:$C$37,1,1))*(Inputs!$B$25/14)*Inputs!$B$5+(10.67)*(Inputs!$B$25/14)*(Inputs!$B$10*Inputs!$B$6+(1-Inputs!$B$10)*Inputs!$B$7)+(INDEX(Inputs!$A$37:$C$37,1,3))*(Inputs!$B$25/14)*(Inputs!$B$11*Inputs!$B$9+(1-Inputs!$B$11)*Inputs!$B$8)) -> 452.0977
A44: 8 | B44: =A44<=Inputs!$B$17 -> FALSE | C44: =IF(A44=2,C43*(1-(Inputs!$B$22)),C43) -> 0.276 | D44: =IF(B44,C44*((VLOOKUP("50",Inputs!$A$29:$K$33,3,FALSE()))*(Inputs!$B$25/14)*Inputs!$B$5+(VLOOKUP("50",Inputs!$A$29:$K$33,4,FALSE()))*(Inputs!$B$25/14)*(Inputs!$B$10*Inputs!$B$6+(1-Inputs!$B$10)*Inputs!$B$7)+(VLOOKUP("50",Inputs!$A$29:$K$33,5,FALSE()))*(Inputs!$B$25/14)*(Inputs!$B$11*Inputs!$B$9+(1-Inputs!$B$11)*Inputs!$B$8))+(1-C44)*((VLOOKUP("50",Inputs!$A$29:$K$33,6,FALSE()))*(Inputs!$B$25/14)*Inputs!$B$5+(VLOOKUP("50",Inputs!$A$29:$K$33,7,FALSE()))*(Inputs!$B$25/14)*(Inputs!$B$10*Inputs!$B$6+(1-Inputs!$B$10)*Inputs!$B$7)+(VLOOKUP("50",Inputs!$A$29:$K$33,8,FALSE()))*(Inputs!$B$25/14)*(Inputs!$B$11*Inputs!$B$9+(1-Inputs!$B$11)*Inputs!$B$8)),C44*(((VLOOKUP("50",Inputs!$A$29:$K$33,3,FALSE()))*(Inputs!$B$25/14)*Inputs!$B$5+(VLOOKUP("50",Inputs!$A$29:$K$33,4,FALSE()))*(Inputs!$B$25/14)*(Inputs!$B$10*Inputs!$B$6+(1-Inputs!$B$10)*Inputs!$B$7)+(VLOOKUP("50",Inputs!$A$29:$K$33,5,FALSE()))*(Inputs!$B$25/14)*(Inputs!$B$11*Inputs!$B$9+(1-Inputs!$B$11)*Inputs!$B$8))+Inputs!$B$18)+(1-C44)*(((INDEX(Inputs!$A$37:$C$37,1,1))*(Inputs!$B$25/14)*Inputs!$B$5+(10.67)*(Inputs!$B$25/14)*(Inputs!$B$10*Inputs!$B$6+(1-Inputs!$B$10)*Inputs!$B$7)+(INDEX(Inputs!$A$37:$C$37,1,3))*(Inputs!$B$25/14)*(Inputs!$B$11*Inputs!$B$9+(1-Inputs!$B$11)*Inputs!$B$8)))) -> 414.99857 | E44: =0 -> 0 | F44: =((INDEX(Inputs!$A$37:$C$37,1,1))*(Inputs!$B$25/14)*Inputs!$B$5+(10.67)*(Inputs!$B$25/14)*(Inputs!$B$10*Inputs!$B$6+(1-Inputs!$B$10)*Inputs!$B$7)+(INDEX(Inputs!$A$37:$C$37,1,3))*(Inputs!$B$25/14)*(Inputs!$B$11*Inputs!$B$9+(1-Inputs!$B$11)*Inputs!$B$8)) -> 452.0977
A45: 9 | B45: =A45<=Inputs!$B$17 -> FALSE | C45: =IF(A45=2,C44*(1-(Inputs!$B$22)),C44) -> 0.276 | D45: =IF(B45,C45*((VLOOKUP("50",Inputs!$A$29:$K$33,3,FALSE()))*(Inputs!$B$25/14)*Inputs!$B$5+(VLOOKUP("50",Inputs!$A$29:$K$33,4,FALSE()))*(Inputs!$B$25/14)*(Inputs!$B$10*Inputs!$B$6+(1-Inputs!$B$10)*Inputs!$B$7)+(VLOOKUP("50",Inputs!$A$29:$K$33,5,FALSE()))*(Inputs!$B$25/14)*(Inputs!$B$11*Inputs!$B$9+(1-Inputs!$B$11)*Inputs!$B$8))+(1-C45)*((VLOOKUP("50",Inputs!$A$29:$K$33,6,FALSE()))*(Inputs!$B$25/14)*Inputs!$B$5+(VLOOKUP("50",Inputs!$A$29:$K$33,7,FALSE()))*(Inputs!$B$25/14)*(Inputs!$B$10*Inputs!$B$6+(1-Inputs!$B$10)*Inputs!$B$7)+(VLOOKUP("50",Inputs!$A$29:$K$33,8,FALSE()))*(Inputs!$B$25/14)*(Inputs!$B$11*Inputs!$B$9+(1-Inputs!$B$11)*Inputs!$B$8)),C45*(((VLOOKUP("50",Inputs!$A$29:$K$33,3,FALSE()))*(Inputs!$B$25/14)*Inputs!$B$5+(VLOOKUP("50",Inputs!$A$29:$K$33,4,FALSE()))*(Inputs!$B$25/14)*(Inputs!$B$10*Inputs!$B$6+(1-Inputs!$B$10)*Inputs!$B$7)+(VLOOKUP("50",Inputs!$A$29:$K$33,5,FALSE()))*(Inputs!$B$25/14)*(Inputs!$B$11*Inputs!$B$9+(1-Inputs!$B$11)*Inputs!$B$8))+Inputs!$B$18)+(1-C45)*(((INDEX(Inputs!$A$37:$C$37,1,1))*(Inputs!$B$25/14)*Inputs!$B$5+(10.67)*(Inputs!$B$25/14)*(Inputs!$B$10*Inputs!$B$6+(1-Inputs!$B$10)*Inputs!$B$7)+(INDEX(Inputs!$A$37:$C$37,1,3))*(Inputs!$B$25/14)*(Inputs!$B$11*Inputs!$B$9+(1-Inputs!$B$11)*Inputs!$B$8)))) -> 414.99857 | E45: =0 -> 0 | F45: =((INDEX(Inputs!$A$37:$C$37,1,1))*(Inputs!$B$25/14)*Inputs!$B$5+(10.67)*(Inputs!$B$25/14)*(Inputs!$B$10*Inputs!$B$6+(1-Inputs!$B$10)*Inputs!$B$7)+(INDEX(Inputs!$A$37:$C$37,1,3))*(Inputs!$B$25/14)*(Inputs!$B$11*Inputs!$B$9+(1-Inputs!$B$11)*Inputs!$B$8)) -> 452.0977
A46: 10 | B46: =A46<=Inputs!$B$17 -> FALSE | C46: =IF(A46=2,C45*(1-(Inputs!$B$22)),C45) -> 0.276 | D46: =IF(B46,C46*((VLOOKUP("50",Inputs!$A$29:$K$33,3,FALSE()))*(Inputs!$B$25/14)*Inputs!$B$5+(VLOOKUP("50",Inputs!$A$29:$K$33,4,FALSE()))*(Inputs!$B$25/14)*(Inputs!$B$10*Inputs!$B$6+(1-Inputs!$B$10)*Inputs!$B$7)+(VLOOKUP("50",Inputs!$A$29:$K$33,5,FALSE()))*(Inputs!$B$25/14)*(Inputs!$B$11*Inputs!$B$9+(1-Inputs!$B$11)*Inputs!$B$8))+(1-C46)*((VLOOKUP("50",Inputs!$A$29:$K$33,6,FALSE()))*(Inputs!$B$25/14)*Inputs!$B$5+(VLOOKUP("50",Inputs!$A$29:$K$33,7,FALSE()))*(Inputs!$B$25/14)*(Inputs!$B$10*Inputs!$B$6+(1-Inputs!$B$10)*Inputs!$B$7)+(VLOOKUP("50",Inputs!$A$29:$K$33,8,FALSE()))*(Inputs!$B$25/14)*(Inputs!$B$11*Inputs!$B$9+(1-Inputs!$B$11)*Inputs!$B$8)),C46*(((VLOOKUP("50",Inputs!$A$29:$K$33,3,FALSE()))*(Inputs!$B$25/14)*Inputs!$B$5+(VLOOKUP("50",Inputs!$A$29:$K$33,4,FALSE()))*(Inputs!$B$25/14)*(Inputs!$B$10*Inputs!$B$6+(1-Inputs!$B$10)*Inputs!$B$7)+(VLOOKUP("50",Inputs!$A$29:$K$33,5,FALSE()))*(Inputs!$B$25/14)*(Inputs!$B$11*Inputs!$B$9+(1-Inputs!$B$11)*Inputs!$B$8))+Inputs!$B$18)+(1-C46)*(((INDEX(Inputs!$A$37:$C$37,1,1))*(Inputs!$B$25/14)*Inputs!$B$5+(10.67)*(Inputs!$B$25/14)*(Inputs!$B$10*Inputs!$B$6+(1-Inputs!$B$10)*Inputs!$B$7)+(INDEX(Inputs!$A$37:$C$37,1,3))*(Inputs!$B$25/14)*(Inputs!$B$11*Inputs!$B$9+(1-Inputs!$B$11)*Inputs!$B$8)))) -> 414.99857 | E46: =0 -> 0 | F46: =((INDEX(Inputs!$A$37:$C$37,1,1))*(Inputs!$B$25/14)*Inputs!$B$5+(10.67)*(Inputs!$B$25/14)*(Inputs!$B$10*Inputs!$B$6+(1-Inputs!$B$10)*Inputs!$B$7)+(INDEX(Inputs!$A$37:$C$37,1,3))*(Inputs!$B$25/14)*(Inputs!$B$11*Inputs!$B$9+(1-Inputs!$B$11)*Inputs!$B$8)) -> 452.0977
A47: 11 | B47: =A47<=Inputs!$B$17 -> FALSE | C47: =IF(A47=2,C46*(1-(Inputs!$B$22)),C46) -> 0.276 | D47: =IF(B47,C47*((VLOOKUP("50",Inputs!$A$29:$K$33,3,FALSE()))*(Inputs!$B$25/14)*Inputs!$B$5+(VLOOKUP("50",Inputs!$A$29:$K$33,4,FALSE()))*(Inputs!$B$25/14)*(Inputs!$B$10*Inputs!$B$6+(1-Inputs!$B$10)*Inputs!$B$7)+(VLOOKUP("50",Inputs!$A$29:$K$33,5,FALSE()))*(Inputs!$B$25/14)*(Inputs!$B$11*Inputs!$B$9+(1-Inputs!$B$11)*Inputs!$B$8))+(1-C47)*((VLOOKUP("50",Inputs!$A$29:$K$33,6,FALSE()))*(Inputs!$B$25/14)*Inputs!$B$5+(VLOOKUP("50",Inputs!$A$29:$K$33,7,FALSE()))*(Inputs!$B$25/14)*(Inputs!$B$10*Inputs!$B$6+(1-Inputs!$B$10)*Inputs!$B$7)+(VLOOKUP("50",Inputs!$A$29:$K$33,8,FALSE()))*(Inputs!$B$25/14)*(Inputs!$B$11*Inputs!$B$9+(1-Inputs!$B$11)*Inputs!$B$8)),C47*(((VLOOKUP("50",Inputs!$A$29:$K$33,3,FALSE()))*(Inputs!$B$25/14)*Inputs!$B$5+(VLOOKUP("50",Inputs!$A$29:$K$33,4,FALSE()))*(Inputs!$B$25/14)*(Inputs!$B$10*Inputs!$B$6+(1-Inputs!$B$10)*Inputs!$B$7)+(VLOOKUP("50",Inputs!$A$29:$K$33,5,FALSE()))*(Inputs!$B$25/14)*(Inputs!$B$11*Inputs!$B$9+(1-Inputs!$B$11)*Inputs!$B$8))+Inputs!$B$18)+(1-C47)*(((INDEX(Inputs!$A$37:$C$37,1,1))*(Inputs!$B$25/14)*Inputs!$B$5+(10.67)*(Inputs!$B$25/14)*(Inputs!$B$10*Inputs!$B$6+(1-Inputs!$B$10)*Inputs!$B$7)+(INDEX(Inputs!$A$37:$C$37,1,3))*(Inputs!$B$25/14)*(Inputs!$B$11*Inputs!$B$9+(1-Inputs!$B$11)*Inputs!$B$8)))) -> 414.99857 | E47: =0 -> 0 | F47: =((INDEX(Inputs!$A$37:$C$37,1,1))*(Inputs!$B$25/14)*Inputs!$B$5+(10.67)*(Inputs!$B$25/14)*(Inputs!$B$10*Inputs!$B$6+(1-Inputs!$B$10)*Inputs!$B$7)+(INDEX(Inputs!$A$37:$C$37,1,3))*(Inputs!$B$25/14)*(Inputs!$B$11*Inputs!$B$9+(1-Inputs!$B$11)*Inputs!$B$8)) -> 452.0977
A48: 12 | B48: =A48<=Inputs!$B$17 -> FALSE | C48: =IF(A48=2,C47*(1-(Inputs!$B$22)),C47) -> 0.276 | D48: =IF(B48,C48*((VLOOKUP("50",Inputs!$A$29:$K$33,3,FALSE()))*(Inputs!$B$25/14)*Inputs!$B$5+(VLOOKUP("50",Inputs!$A$29:$K$33,4,FALSE()))*(Inputs!$B$25/14)*(Inputs!$B$10*Inputs!$B$6+(1-Inputs!$B$10)*Inputs!$B$7)+(VLOOKUP("50",Inputs!$A$29:$K$33,5,FALSE()))*(Inputs!$B$25/14)*(Inputs!$B$11*Inputs!$B$9+(1-Inputs!$B$11)*Inputs!$B$8))+(1-C48)*((VLOOKUP("50",Inputs!$A$29:$K$33,6,FALSE()))*(Inputs!$B$25/14)*Inputs!$B$5+(VLOOKUP("50",Inputs!$A$29:$K$33,7,FALSE()))*(Inputs!$B$25/14)*(Inputs!$B$10*Inputs!$B$6+(1-Inputs!$B$10)*Inputs!$B$7)+(VLOOKUP("50",Inputs!$A$29:$K$33,8,FALSE()))*(Inputs!$B$25/14)*(Inputs!$B$11*Inputs!$B$9+(1-Inputs!$B$11)*Inputs!$B$8)),C48*(((VLOOKUP("50",Inputs!$A$29:$K$33,3,FALSE()))*(Inputs!$B$25/14)*Inputs!$B$5+(VLOOKUP("50",Inputs!$A$29:$K$33,4,FALSE()))*(Inputs!$B$25/14)*(Inputs!$B$10*Inputs!$B$6+(1-Inputs!$B$10)*Inputs!$B$7)+(VLOOKUP("50",Inputs!$A$29:$K$33,5,FALSE()))*(Inputs!$B$25/14)*(Inputs!$B$11*Inputs!$B$9+(1-Inputs!$B$11)*Inputs!$B$8))+Inputs!$B$18)+(1-C48)*(((INDEX(Inputs!$A$37:$C$37,1,1))*(Inputs!$B$25/14)*Inputs!$B$5+(10.67)*(Inputs!$B$25/14)*(Inputs!$B$10*Inputs!$B$6+(1-Inputs!$B$10)*Inputs!$B$7)+(INDEX(Inputs!$A$37:$C$37,1,3))*(Inputs!$B$25/14)*(Inputs!$B$11*Inputs!$B$9+(1-Inputs!$B$11)*Inputs!$B$8)))) -> 414.99857 | E48: =0 -> 0 | F48: =((INDEX(Inputs!$A$37:$C$37,1,1))*(Inputs!$B$25/14)*Inputs!$B$5+(10.67)*(Inputs!$B$25/14)*(Inputs!$B$10*Inputs!$B$6+(1-Inputs!$B$10)*Inputs!$B$7)+(INDEX(Inputs!$A$37:$C$37,1,3))*(Inputs!$B$25/14)*(Inputs!$B$11*Inputs!$B$9+(1-Inputs!$B$11)*Inputs!$B$8)) -> 452.0977
A49: Difference | D49: =SUM(D37:D48)-SUM(F37:F48) -> -1126.5136
A51: Sumatriptan doses/14d — gCore non-resp. (on Tx) — LOWER bound (1.0)
A52: Cycle | B52: Free trial? | C52: gCore resp % | D52: gCore cost (£) | E52: SoC resp % | F52: SoC cost (£)
A53: 1 | B53: =A53<=Inputs!$B$17 -> TRUE | C53: =VLOOKUP("50",Inputs!$A$29:$K$33,2,FALSE()) -> 0.4 | D53: =IF(B53,C53*((VLOOKUP("50",Inputs!$A$29:$K$33,3,FALSE()))*(Inputs!$B$25/14)*Inputs!$B$5+(VLOOKUP("50",Inputs!$A$29:$K$33,4,FALSE()))*(Inputs!$B$25/14)*(Inputs!$B$10*Inputs!$B$6+(1-Inputs!$B$10)*Inputs!$B$7)+(VLOOKUP("50",Inputs!$A$29:$K$33,5,FALSE()))*(Inputs!$B$25/14)*(Inputs!$B$11*Inputs!$B$9+(1-Inputs!$B$11)*Inputs!$B$8))+(1-C53)*((VLOOKUP("50",Inputs!$A$29:$K$33,6,FALSE()))*(Inputs!$B$25/14)*Inputs!$B$5+(1)*(Inputs!$B$25/14)*(Inputs!$B$10*Inputs!$B$6+(1-Inputs!$B$10)*Inputs!$B$7)+(VLOOKUP("50",Inputs!$A$29:$K$33,8,FALSE()))*(Inputs!$B$25/14)*(Inputs!$B$11*Inputs!$B$9+(1-Inputs!$B$11)*Inputs!$B$8)),C53*(((VLOOKUP("50",Inputs!$A$29:$K$33,3,FALSE()))*(Inputs!$B$25/14)*Inputs!$B$5+(VLOOKUP("50",Inputs!$A$29:$K$33,4,FALSE()))*(Inputs!$B$25/14)*(Inputs!$B$10*Inputs!$B$6+(1-Inputs!$B$10)*Inputs!$B$7)+(VLOOKUP("50",Inputs!$A$29:$K$33,5,FALSE()))*(Inputs!$B$25/14)*(Inputs!$B$11*Inputs!$B$9+(1-Inputs!$B$11)*Inputs!$B$8))+Inputs!$B$18)+(1-C53)*(((INDEX(Inputs!$A$37:$C$37,1,1))*(Inputs!$B$25/14)*Inputs!$B$5+(INDEX(Inputs!$A$37:$C$37,1,2))*(Inputs!$B$25/14)*(Inputs!$B$10*Inputs!$B$6+(1-Inputs!$B$10)*Inputs!$B$7)+(INDEX(Inputs!$A$37:$C$37,1,3))*(Inputs!$B$25/14)*(Inputs!$B$11*Inputs!$B$9+(1-Inputs!$B$11)*Inputs!$B$8)))) -> 96.993494 | E53: =Inputs!$B$21 -> 0.083 | F53: =E53*((VLOOKUP("50",Inputs!$A$29:$K$33,3,FALSE()))*(Inputs!$B$25/14)*Inputs!$B$5+(VLOOKUP("50",Inputs!$A$29:$K$33,4,FALSE()))*(Inputs!$B$25/14)*(Inputs!$B$10*Inputs!$B$6+(1-Inputs!$B$10)*Inputs!$B$7)+(VLOOKUP("50",Inputs!$A$29:$K$33,5,FALSE()))*(Inputs!$B$25/14)*(Inputs!$B$11*Inputs!$B$9+(1-Inputs!$B$11)*Inputs!$B$8))+(1-E53)*((INDEX(Inputs!$A$37:$C$37,1,1))*(Inputs!$B$25/14)*Inputs!$B$5+(INDEX(Inputs!$A$37:$C$37,1,2))*(Inputs!$B$25/14)*(Inputs!$B$10*Inputs!$B$6+(1-Inputs!$B$10)*Inputs!$B$7)+(INDEX(Inputs!$A$37:$C$37,1,3))*(Inputs!$B$25/14)*(Inputs!$B$11*Inputs!$B$9+(1-Inputs!$B$11)*Inputs!$B$8)) -> 309.48129
A54: 2 | B54: =A54<=Inputs!$B$17 -> TRUE | C54: =IF(A54=2,C53*(1-(Inputs!$B$22)),C53) -> 0.276 | D54: =IF(B54,C54*((VLOOKUP("50",Inputs!$A$29:$K$33,3,FALSE()))*(Inputs!$B$25/14)*Inputs!$B$5+(VLOOKUP("50",Inputs!$A$29:$K$33,4,FALSE()))*(Inputs!$B$25/14)*(Inputs!$B$10*Inputs!$B$6+(1-Inputs!$B$10)*Inputs!$B$7)+(VLOOKUP("50",Inputs!$A$29:$K$33,5,FALSE()))*(Inputs!$B$25/14)*(Inputs!$B$11*Inputs!$B$9+(1-Inputs!$B$11)*Inputs!$B$8))+(1-C54)*((VLOOKUP("50",Inputs!$A$29:$K$33,6,FALSE()))*(Inputs!$B$25/14)*Inputs!$B$5+(1)*(Inputs!$B$25/14)*(Inputs!$B$10*Inputs!$B$6+(1-Inputs!$B$10)*Inputs!$B$7)+(VLOOKUP("50",Inputs!$A$29:$K$33,8,FALSE()))*(Inputs!$B$25/14)*(Inputs!$B$11*Inputs!$B$9+(1-Inputs!$B$11)*Inputs!$B$8)),C54*(((VLOOKUP("50",Inputs!$A$29:$K$33,3,FALSE()))*(Inputs!$B$25/14)*Inputs!$B$5+(VLOOKUP("50",Inputs!$A$29:$K$33,4,FALSE()))*(Inputs!$B$25/14)*(Inputs!$B$10*Inputs!$B$6+(1-Inputs!$B$10)*Inputs!$B$7)+(VLOOKUP("50",Inputs!$A$29:$K$33,5,FALSE()))*(Inputs!$B$25/14)*(Inputs!$B$11*Inputs!$B$9+(1-Inputs!$B$11)*Inputs!$B$8))+Inputs!$B$18)+(1-C54)*(((INDEX(Inputs!$A$37:$C$37,1,1))*(Inputs!$B$25/14)*Inputs!$B$5+(INDEX(Inputs!$A$37:$C$37,1,2))*(Inputs!$B$25/14)*(Inputs!$B$10*Inputs!$B$6+(1-Inputs!$B$10)*Inputs!$B$7)+(INDEX(Inputs!$A$37:$C$37,1,3))*(Inputs!$B$25/14)*(Inputs!$B$11*Inputs!$B$9+(1-Inputs!$B$11)*Inputs!$B$8)))) -> 94.440393 | E54: =0 -> 0 | F54: =((INDEX(Inputs!$A$37:$C$37,1,1))*(Inputs!$B$25/14)*Inputs!$B$5+(INDEX(Inputs!$A$37:$C$37,1,2))*(Inputs!$B$25/14)*(Inputs!$B$10*Inputs!$B$6+(1-Inputs!$B$10)*Inputs!$B$7)+(INDEX(Inputs!$A$37:$C$37,1,3))*(Inputs!$B$25/14)*(Inputs!$B$11*Inputs!$B$9+(1-Inputs!$B$11)*Inputs!$B$8)) -> 327.59593
A55: 3 | B55: =A55<=Inputs!$B$17 -> TRUE | C55: =IF(A55=2,C54*(1-(Inputs!$B$22)),C54) -> 0.276 | D55: =IF(B55,C55*((VLOOKUP("50",Inputs!$A$29:$K$33,3,FALSE()))*(Inputs!$B$25/14)*Inputs!$B$5+(VLOOKUP("50",Inputs!$A$29:$K$33,4,FALSE()))*(Inputs!$B$25/14)*(Inputs!$B$10*Inputs!$B$6+(1-Inputs!$B$10)*Inputs!$B$7)+(VLOOKUP("50",Inputs!$A$29:$K$33,5,FALSE()))*(Inputs!$B$25/14)*(Inputs!$B$11*Inputs!$B$9+(1-Inputs!$B$11)*Inputs!$B$8))+(1-C55)*((VLOOKUP("50",Inputs!$A$29:$K$33,6,FALSE()))*(Inputs!$B$25/14)*Inputs!$B$5+(1)*(Inputs!$B$25/14)*(Inputs!$B$10*Inputs!$B$6+(1-Inputs!$B$10)*Inputs!$B$7)+(VLOOKUP("50",Inputs!$A$29:$K$33,8,FALSE()))*(Inputs!$B$25/14)*(Inputs!$B$11*Inputs!$B$9+(1-Inputs!$B$11)*Inputs!$B$8)),C55*(((VLOOKUP("50",Inputs!$A$29:$K$33,3,FALSE()))*(Inputs!$B$25/14)*Inputs!$B$5+(VLOOKUP("50",Inputs!$A$29:$K$33,4,FALSE()))*(Inputs!$B$25/14)*(Inputs!$B$10*Inputs!$B$6+(1-Inputs!$B$10)*Inputs!$B$7)+(VLOOKUP("50",Inputs!$A$29:$K$33,5,FALSE()))*(Inputs!$B$25/14)*(Inputs!$B$11*Inputs!$B$9+(1-Inputs!$B$11)*Inputs!$B$8))+Inputs!$B$18)+(1-C55)*(((INDEX(Inputs!$A$37:$C$37,1,1))*(Inputs!$B$25/14)*Inputs!$B$5+(INDEX(Inputs!$A$37:$C$37,1,2))*(Inputs!$B$25/14)*(Inputs!$B$10*Inputs!$B$6+(1-Inputs!$B$10)*Inputs!$B$7)+(INDEX(Inputs!$A$37:$C$37,1,3))*(Inputs!$B$25/14)*(Inputs!$B$11*Inputs!$B$9+(1-Inputs!$B$11)*Inputs!$B$8)))) -> 94.440393 | E55: =0 -> 0 | F55: =((INDEX(Inputs!$A$37:$C$37,1,1))*(Inputs!$B$25/14)*Inputs!$B$5+(INDEX(Inputs!$A$37:$C$37,1,2))*(Inputs!$B$25/14)*(Inputs!$B$10*Inputs!$B$6+(1-Inputs!$B$10)*Inputs!$B$7)+(INDEX(Inputs!$A$37:$C$37,1,3))*(Inputs!$B$25/14)*(Inputs!$B$11*Inputs!$B$9+(1-Inputs!$B$11)*Inputs!$B$8)) -> 327.59593
A56: 4 | B56: =A56<=Inputs!$B$17 -> FALSE | C56: =IF(A56=2,C55*(1-(Inputs!$B$22)),C55) -> 0.276 | D56: =IF(B56,C56*((VLOOKUP("50",Inputs!$A$29:$K$33,3,FALSE()))*(Inputs!$B$25/14)*Inputs!$B$5+(VLOOKUP("50",Inputs!$A$29:$K$33,4,FALSE()))*(Inputs!$B$25/14)*(Inputs!$B$10*Inputs!$B$6+(1-Inputs!$B$10)*Inputs!$B$7)+(VLOOKUP("50",Inputs!$A$29:$K$33,5,FALSE()))*(Inputs!$B$25/14)*(Inputs!$B$11*Inputs!$B$9+(1-Inputs!$B$11)*Inputs!$B$8))+(1-C56)*((VLOOKUP("50",Inputs!$A$29:$K$33,6,FALSE()))*(Inputs!$B$25/14)*Inputs!$B$5+(1)*(Inputs!$B$25/14)*(Inputs!$B$10*Inputs!$B$6+(1-Inputs!$B$10)*Inputs!$B$7)+(VLOOKUP("50",Inputs!$A$29:$K$33,8,FALSE()))*(Inputs!$B$25/14)*(Inputs!$B$11*Inputs!$B$9+(1-Inputs!$B$11)*Inputs!$B$8)),C56*(((VLOOKUP("50",Inputs!$A$29:$K$33,3,FALSE()))*(Inputs!$B$25/14)*Inputs!$B$5+(VLOOKUP("50",Inputs!$A$29:$K$33,4,FALSE()))*(Inputs!$B$25/14)*(Inputs!$B$10*Inputs!$B$6+(1-Inputs!$B$10)*Inputs!$B$7)+(VLOOKUP("50",Inputs!$A$29:$K$33,5,FALSE()))*(Inputs!$B$25/14)*(Inputs!$B$11*Inputs!$B$9+(1-Inputs!$B$11)*Inputs!$B$8))+Inputs!$B$18)+(1-C56)*(((INDEX(Inputs!$A$37:$C$37,1,1))*(Inputs!$B$25/14)*Inputs!$B$5+(INDEX(Inputs!$A$37:$C$37,1,2))*(Inputs!$B$25/14)*(Inputs!$B$10*Inputs!$B$6+(1-Inputs!$B$10)*Inputs!$B$7)+(INDEX(Inputs!$A$37:$C$37,1,3))*(Inputs!$B$25/14)*(Inputs!$B$11*Inputs!$B$9+(1-Inputs!$B$11)*Inputs!$B$8)))) -> 324.85928 | E56: =0 -> 0 | F56: =((INDEX(Inputs!$A$37:$C$37,1,1))*(Inputs!$B$25/14)*Inputs!$B$5+(INDEX(Inputs!$A$37:$C$37,1,2))*(Inputs!$B$25/14)*(Inputs!$B$10*Inputs!$B$6+(1-Inputs!$B$10)*Inputs!$B$7)+(INDEX(Inputs!$A$37:$C$37,1,3))*(Inputs!$B$25/14)*(Inputs!$B$11*Inputs!$B$9+(1-Inputs!$B$11)*Inputs!$B$8)) -> 327.59593
A57: 5 | B57: =A57<=Inputs!$B$17 -> FALSE | C57: =IF(A57=2,C56*(1-(Inputs!$B$22)),C56) -> 0.276 | D57: =IF(B57,C57*((VLOOKUP("50",Inputs!$A$29:$K$33,3,FALSE()))*(Inputs!$B$25/14)*Inputs!$B$5+(VLOOKUP("50",Inputs!$A$29:$K$33,4,FALSE()))*(Inputs!$B$25/14)*(Inputs!$B$10*Inputs!$B$6+(1-Inputs!$B$10)*Inputs!$B$7)+(VLOOKUP("50",Inputs!$A$29:$K$33,5,FALSE()))*(Inputs!$B$25/14)*(Inputs!$B$11*Inputs!$B$9+(1-Inputs!$B$11)*Inputs!$B$8))+(1-C57)*((VLOOKUP("50",Inputs!$A$29:$K$33,6,FALSE()))*(Inputs!$B$25/14)*Inputs!$B$5+(1)*(Inputs!$B$25/14)*(Inputs!$B$10*Inputs!$B$6+(1-Inputs!$B$10)*Inputs!$B$7)+(VLOOKUP("50",Inputs!$A$29:$K$33,8,FALSE()))*(Inputs!$B$25/14)*(Inputs!$B$11*Inputs!$B$9+(1-Inputs!$B$11)*Inputs!$B$8)),C57*(((VLOOKUP("50",Inputs!$A$29:$K$33,3,FALSE()))*(Inputs!$B$25/14)*Inputs!$B$5+(VLOOKUP("50",Inputs!$A$29:$K$33,4,FALSE()))*(Inputs!$B$25/14)*(Inputs!$B$10*Inputs!$B$6+(1-Inputs!$B$10)*Inputs!$B$7)+(VLOOKUP("50",Inputs!$A$29:$K$33,5,FALSE()))*(Inputs!$B$25/14)*(Inputs!$B$11*Inputs!$B$9+(1-Inputs!$B$11)*Inputs!$B$8))+Inputs!$B$18)+(1-C57)*(((INDEX(Inputs!$A$37:$C$37,1,1))*(Inputs!$B$25/14)*Inputs!$B$5+(INDEX(Inputs!$A$37:$C$37,1,2))*(Inputs!$B$25/14)*(Inputs!$B$10*Inputs!$B$6+(1-Inputs!$B$10)*Inputs!$B$7)+(INDEX(Inputs!$A$37:$C$37,1,3))*(Inputs!$B$25/14)*(Inputs!$B$11*Inputs!$B$9+(1-Inputs!$B$11)*Inputs!$B$8)))) -> 324.85928 | E57: =0 -> 0 | F57: =((INDEX(Inputs!$A$37:$C$37,1,1))*(Inputs!$B$25/14)*Inputs!$B$5+(INDEX(Inputs!$A$37:$C$37,1,2))*(Inputs!$B$25/14)*(Inputs!$B$10*Inputs!$B$6+(1-Inputs!$B$10)*Inputs!$B$7)+(INDEX(Inputs!$A$37:$C$37,1,3))*(Inputs!$B$25/14)*(Inputs!$B$11*Inputs!$B$9+(1-Inputs!$B$11)*Inputs!$B$8)) -> 327.59593
A58: 6 | B58: =A58<=Inputs!$B$17 -> FALSE | C58: =IF(A58=2,C57*(1-(Inputs!$B$22)),C57) -> 0.276 | D58: =IF(B58,C58*((VLOOKUP("50",Inputs!$A$29:$K$33,3,FALSE()))*(Inputs!$B$25/14)*Inputs!$B$5+(VLOOKUP("50",Inputs!$A$29:$K$33,4,FALSE()))*(Inputs!$B$25/14)*(Inputs!$B$10*Inputs!$B$6+(1-Inputs!$B$10)*Inputs!$B$7)+(VLOOKUP("50",Inputs!$A$29:$K$33,5,FALSE()))*(Inputs!$B$25/14)*(Inputs!$B$11*Inputs!$B$9+(1-Inputs!$B$11)*Inputs!$B$8))+(1-C58)*((VLOOKUP("50",Inputs!$A$29:$K$33,6,FALSE()))*(Inputs!$B$25/14)*Inputs!$B$5+(1)*(Inputs!$B$25/14)*(Inputs!$B$10*Inputs!$B$6+(1-Inputs!$B$10)*Inputs!$B$7)+(VLOOKUP("50",Inputs!$A$29:$K$33,8,FALSE()))*(Inputs!$B$25/14)*(Inputs!$B$11*Inputs!$B$9+(1-Inputs!$B$11)*Inputs!$B$8)),C58*(((VLOOKUP("50",Inputs!$A$29:$K$33,3,FALSE()))*(Inputs!$B$25/14)*Inputs!$B$5+(VLOOKUP("50",Inputs!$A$29:$K$33,4,FALSE()))*(Inputs!$B$25/14)*(Inputs!$B$10*Inputs!$B$6+(1-Inputs!$B$10)*Inputs!$B$7)+(VLOOKUP("50",Inputs!$A$29:$K$33,5,FALSE()))*(Inputs!$B$25/14)*(Inputs!$B$11*Inputs!$B$9+(1-Inputs!$B$11)*Inputs!$B$8))+Inputs!$B$18)+(1-C58)*(((INDEX(Inputs!$A$37:$C$37,1,1))*(Inputs!$B$25/14)*Inputs!$B$5+(INDEX(Inputs!$A$37:$C$37,1,2))*(Inputs!$B$25/14)*(Inputs!$B$10*Inputs!$B$6+(1-Inputs!$B$10)*Inputs!$B$7)+(INDEX(Inputs!$A$37:$C$37,1,3))*(Inputs!$B$25/14)*(Inputs!$B$11*Inputs!$B$9+(1-Inputs!$B$11)*Inputs!$B$8)))) -> 324.85928 | E58: =0 -> 0 | F58: =((INDEX(Inputs!$A$37:$C$37,1,1))*(Inputs!$B$25/14)*Inputs!$B$5+(INDEX(Inputs!$A$37:$C$37,1,2))*(Inputs!$B$25/14)*(Inputs!$B$10*Inputs!$B$6+(1-Inputs!$B$10)*Inputs!$B$7)+(INDEX(Inputs!$A$37:$C$37,1,3))*(Inputs!$B$25/14)*(Inputs!$B$11*Inputs!$B$9+(1-Inputs!$B$11)*Inputs!$B$8)) -> 327.59593
A59: 7 | B59: =A59<=Inputs!$B$17 -> FALSE | C59: =IF(A59=2,C58*(1-(Inputs!$B$22)),C58) -> 0.276 | D59: =IF(B59,C59*((VLOOKUP("50",Inputs!$A$29:$K$33,3,FALSE()))*(Inputs!$B$25/14)*Inputs!$B$5+(VLOOKUP("50",Inputs!$A$29:$K$33,4,FALSE()))*(Inputs!$B$25/14)*(Inputs!$B$10*Inputs!$B$6+(1-Inputs!$B$10)*Inputs!$B$7)+(VLOOKUP("50",Inputs!$A$29:$K$33,5,FALSE()))*(Inputs!$B$25/14)*(Inputs!$B$11*Inputs!$B$9+(1-Inputs!$B$11)*Inputs!$B$8))+(1-C59)*((VLOOKUP("50",Inputs!$A$29:$K$33,6,FALSE()))*(Inputs!$B$25/14)*Inputs!$B$5+(1)*(Inputs!$B$25/14)*(Inputs!$B$10*Inputs!$B$6+(1-Inputs!$B$10)*Inputs!$B$7)+(VLOOKUP("50",Inputs!$A$29:$K$33,8,FALSE()))*(Inputs!$B$25/14)*(Inputs!$B$11*Inputs!$B$9+(1-Inputs!$B$11)*Inputs!$B$8)),C59*(((VLOOKUP("50",Inputs!$A$29:$K$33,3,FALSE()))*(Inputs!$B$25/14)*Inputs!$B$5+(VLOOKUP("50",Inputs!$A$29:$K$33,4,FALSE()))*(Inputs!$B$25/14)*(Inputs!$B$10*Inputs!$B$6+(1-Inputs!$B$10)*Inputs!$B$7)+(VLOOKUP("50",Inputs!$A$29:$K$33,5,FALSE()))*(Inputs!$B$25/14)*(Inputs!$B$11*Inputs!$B$9+(1-Inputs!$B$11)*Inputs!$B$8))+Inputs!$B$18)+(1-C59)*(((INDEX(Inputs!$A$37:$C$37,1,1))*(Inputs!$B$25/14)*Inputs!$B$5+(INDEX(Inputs!$A$37:$C$37,1,2))*(Inputs!$B$25/14)*(Inputs!$B$10*Inputs!$B$6+(1-Inputs!$B$10)*Inputs!$B$7)+(INDEX(Inputs!$A$37:$C$37,1,3))*(Inputs!$B$25/14)*(Inputs!$B$11*Inputs!$B$9+(1-Inputs!$B$11)*Inputs!$B$8)))) -> 324.85928 | E59: =0 -> 0 | F59: =((INDEX(Inputs!$A$37:$C$37,1,1))*(Inputs!$B$25/14)*Inputs!$B$5+(INDEX(Inputs!$A$37:$C$37,1,2))*(Inputs!$B$25/14)*(Inputs!$B$10*Inputs!$B$6+(1-Inputs!$B$10)*Inputs!$B$7)+(INDEX(Inputs!$A$37:$C$37,1,3))*(Inputs!$B$25/14)*(Inputs!$B$11*Inputs!$B$9+(1-Inputs!$B$11)*Inputs!$B$8)) -> 327.59593
A60: 8 | B60: =A60<=Inputs!$B$17 -> FALSE | C60: =IF(A60=2,C59*(1-(Inputs!$B$22)),C59) -> 0.276 | D60: =IF(B60,C60*((VLOOKUP("50",Inputs!$A$29:$K$33,3,FALSE()))*(Inputs!$B$25/14)*Inputs!$B$5+(VLOOKUP("50",Inputs!$A$29:$K$33,4,FALSE()))*(Inputs!$B$25/14)*(Inputs!$B$10*Inputs!$B$6+(1-Inputs!$B$10)*Inputs!$B$7)+(VLOOKUP("50",Inputs!$A$29:$K$33,5,FALSE()))*(Inputs!$B$25/14)*(Inputs!$B$11*Inputs!$B$9+(1-Inputs!$B$11)*Inputs!$B$8))+(1-C60)*((VLOOKUP("50",Inputs!$A$29:$K$33,6,FALSE()))*(Inputs!$B$25/14)*Inputs!$B$5+(1)*(Inputs!$B$25/14)*(Inputs!$B$10*Inputs!$B$6+(1-Inputs!$B$10)*Inputs!$B$7)+(VLOOKUP("50",Inputs!$A$29:$K$33,8,FALSE()))*(Inputs!$B$25/14)*(Inputs!$B$11*Inputs!$B$9+(1-Inputs!$B$11)*Inputs!$B$8)),C60*(((VLOOKUP("50",Inputs!$A$29:$K$33,3,FALSE()))*(Inputs!$B$25/14)*Inputs!$B$5+(VLOOKUP("50",Inputs!$A$29:$K$33,4,FALSE()))*(Inputs!$B$25/14)*(Inputs!$B$10*Inputs!$B$6+(1-Inputs!$B$10)*Inputs!$B$7)+(VLOOKUP("50",Inputs!$A$29:$K$33,5,FALSE()))*(Inputs!$B$25/14)*(Inputs!$B$11*Inputs!$B$9+(1-Inputs!$B$11)*Inputs!$B$8))+Inputs!$B$18)+(1-C60)*(((INDEX(Inputs!$A$37:$C$37,1,1))*(Inputs!$B$25/14)*Inputs!$B$5+(INDEX(Inputs!$A$37:$C$37,1,2))*(Inputs!$B$25/14)*(Inputs!$B$10*Inputs!$B$6+(1-Inputs!$B$10)*Inputs!$B$7)+(INDEX(Inputs!$A$37:$C$37,1,3))*(Inputs!$B$25/14)*(Inputs!$B$11*Inputs!$B$9+(1-Inputs!$B$11)*Inputs!$B$8)))) -> 324.85928 | E60: =0 -> 0 | F60: =((INDEX(Inputs!$A$37:$C$37,1,1))*(Inputs!$B$25/14)*Inputs!$B$5+(INDEX(Inputs!$A$37:$C$37,1,2))*(Inputs!$B$25/14)*(Inputs!$B$10*Inputs!$B$6+(1-Inputs!$B$10)*Inputs!$B$7)+(INDEX(Inputs!$A$37:$C$37,1,3))*(Inputs!$B$25/14)*(Inputs!$B$11*Inputs!$B$9+(1-Inputs!$B$11)*Inputs!$B$8)) -> 327.59593
A61: 9 | B61: =A61<=Inputs!$B$17 -> FALSE | C61: =IF(A61=2,C60*(1-(Inputs!$B$22)),C60) -> 0.276 | D61: =IF(B61,C61*((VLOOKUP("50",Inputs!$A$29:$K$33,3,FALSE()))*(Inputs!$B$25/14)*Inputs!$B$5+(VLOOKUP("50",Inputs!$A$29:$K$33,4,FALSE()))*(Inputs!$B$25/14)*(Inputs!$B$10*Inputs!$B$6+(1-Inputs!$B$10)*Inputs!$B$7)+(VLOOKUP("50",Inputs!$A$29:$K$33,5,FALSE()))*(Inputs!$B$25/14)*(Inputs!$B$11*Inputs!$B$9+(1-Inputs!$B$11)*Inputs!$B$8))+(1-C61)*((VLOOKUP("50",Inputs!$A$29:$K$33,6,FALSE()))*(Inputs!$B$25/14)*Inputs!$B$5+(1)*(Inputs!$B$25/14)*(Inputs!$B$10*Inputs!$B$6+(1-Inputs!$B$10)*Inputs!$B$7)+(VLOOKUP("50",Inputs!$A$29:$K$33,8,FALSE()))*(Inputs!$B$25/14)*(Inputs!$B$11*Inputs!$B$9+(1-Inputs!$B$11)*Inputs!$B$8)),C61*(((VLOOKUP("50",Inputs!$A$29:$K$33,3,FALSE()))*(Inputs!$B$25/14)*Inputs!$B$5+(VLOOKUP("50",Inputs!$A$29:$K$33,4,FALSE()))*(Inputs!$B$25/14)*(Inputs!$B$10*Inputs!$B$6+(1-Inputs!$B$10)*Inputs!$B$7)+(VLOOKUP("50",Inputs!$A$29:$K$33,5,FALSE()))*(Inputs!$B$25/14)*(Inputs!$B$11*Inputs!$B$9+(1-Inputs!$B$11)*Inputs!$B$8))+Inputs!$B$18)+(1-C61)*(((INDEX(Inputs!$A$37:$C$37,1,1))*(Inputs!$B$25/14)*Inputs!$B$5+(INDEX(Inputs!$A$37:$C$37,1,2))*(Inputs!$B$25/14)*(Inputs!$B$10*Inputs!$B$6+(1-Inputs!$B$10)*Inputs!$B$7)+(INDEX(Inputs!$A$37:$C$37,1,3))*(Inputs!$B$25/14)*(Inputs!$B$11*Inputs!$B$9+(1-Inputs!$B$11)*Inputs!$B$8)))) -> 324.85928 | E61: =0 -> 0 | F61: =((INDEX(Inputs!$A$37:$C$37,1,1))*(Inputs!$B$25/14)*Inputs!$B$5+(INDEX(Inputs!$A$37:$C$37,1,2))*(Inputs!$B$25/14)*(Inputs!$B$10*Inputs!$B$6+(1-Inputs!$B$10)*Inputs!$B$7)+(INDEX(Inputs!$A$37:$C$37,1,3))*(Inputs!$B$25/14)*(Inputs!$B$11*Inputs!$B$9+(1-Inputs!$B$11)*Inputs!$B$8)) -> 327.59593
A62: 10 | B62: =A62<=Inputs!$B$17 -> FALSE | C62: =IF(A62=2,C61*(1-(Inputs!$B$22)),C61) -> 0.276 | D62: =IF(B62,C62*((VLOOKUP("50",Inputs!$A$29:$K$33,3,FALSE()))*(Inputs!$B$25/14)*Inputs!$B$5+(VLOOKUP("50",Inputs!$A$29:$K$33,4,FALSE()))*(Inputs!$B$25/14)*(Inputs!$B$10*Inputs!$B$6+(1-Inputs!$B$10)*Inputs!$B$7)+(VLOOKUP("50",Inputs!$A$29:$K$33,5,FALSE()))*(Inputs!$B$25/14)*(Inputs!$B$11*Inputs!$B$9+(1-Inputs!$B$11)*Inputs!$B$8))+(1-C62)*((VLOOKUP("50",Inputs!$A$29:$K$33,6,FALSE()))*(Inputs!$B$25/14)*Inputs!$B$5+(1)*(Inputs!$B$25/14)*(Inputs!$B$10*Inputs!$B$6+(1-Inputs!$B$10)*Inputs!$B$7)+(VLOOKUP("50",Inputs!$A$29:$K$33,8,FALSE()))*(Inputs!$B$25/14)*(Inputs!$B$11*Inputs!$B$9+(1-Inputs!$B$11)*Inputs!$B$8)),C62*(((VLOOKUP("50",Inputs!$A$29:$K$33,3,FALSE()))*(Inputs!$B$25/14)*Inputs!$B$5+(VLOOKUP("50",Inputs!$A$29:$K$33,4,FALSE()))*(Inputs!$B$25/14)*(Inputs!$B$10*Inputs!$B$6+(1-Inputs!$B$10)*Inputs!$B$7)+(VLOOKUP("50",Inputs!$A$29:$K$33,5,FALSE()))*(Inputs!$B$25/14)*(Inputs!$B$11*Inputs!$B$9+(1-Inputs!$B$11)*Inputs!$B$8))+Inputs!$B$18)+(1-C62)*(((INDEX(Inputs!$A$37:$C$37,1,1))*(Inputs!$B$25/14)*Inputs!$B$5+(INDEX(Inputs!$A$37:$C$37,1,2))*(Inputs!$B$25/14)*(Inputs!$B$10*Inputs!$B$6+(1-Inputs!$B$10)*Inputs!$B$7)+(INDEX(Inputs!$A$37:$C$37,1,3))*(Inputs!$B$25/14)*(Inputs!$B$11*Inputs!$B$9+(1-Inputs!$B$11)*Inputs!$B$8)))) -> 324.85928 | E62: =0 -> 0 | F62: =((INDEX(Inputs!$A$37:$C$37,1,1))*(Inputs!$B$25/14)*Inputs!$B$5+(INDEX(Inputs!$A$37:$C$37,1,2))*(Inputs!$B$25/14)*(Inputs!$B$10*Inputs!$B$6+(1-Inputs!$B$10)*Inputs!$B$7)+(INDEX(Inputs!$A$37:$C$37,1,3))*(Inputs!$B$25/14)*(Inputs!$B$11*Inputs!$B$9+(1-Inputs!$B$11)*Inputs!$B$8)) -> 327.59593
A63: 11 | B63: =A63<=Inputs!$B$17 -> FALSE | C63: =IF(A63=2,C62*(1-(Inputs!$B$22)),C62) -> 0.276 | D63: =IF(B63,C63*((VLOOKUP("50",Inputs!$A$29:$K$33,3,FALSE()))*(Inputs!$B$25/14)*Inputs!$B$5+(VLOOKUP("50",Inputs!$A$29:$K$33,4,FALSE()))*(Inputs!$B$25/14)*(Inputs!$B$10*Inputs!$B$6+(1-Inputs!$B$10)*Inputs!$B$7)+(VLOOKUP("50",Inputs!$A$29:$K$33,5,FALSE()))*(Inputs!$B$25/14)*(Inputs!$B$11*Inputs!$B$9+(1-Inputs!$B$11)*Inputs!$B$8))+(1-C63)*((VLOOKUP("50",Inputs!$A$29:$K$33,6,FALSE()))*(Inputs!$B$25/14)*Inputs!$B$5+(1)*(Inputs!$B$25/14)*(Inputs!$B$10*Inputs!$B$6+(1-Inputs!$B$10)*Inputs!$B$7)+(VLOOKUP("50",Inputs!$A$29:$K$33,8,FALSE()))*(Inputs!$B$25/14)*(Inputs!$B$11*Inputs!$B$9+(1-Inputs!$B$11)*Inputs!$B$8)),C63*(((VLOOKUP("50",Inputs!$A$29:$K$33,3,FALSE()))*(Inputs!$B$25/14)*Inputs!$B$5+(VLOOKUP("50",Inputs!$A$29:$K$33,4,FALSE()))*(Inputs!$B$25/14)*(Inputs!$B$10*Inputs!$B$6+(1-Inputs!$B$10)*Inputs!$B$7)+(VLOOKUP("50",Inputs!$A$29:$K$33,5,FALSE()))*(Inputs!$B$25/14)*(Inputs!$B$11*Inputs!$B$9+(1-Inputs!$B$11)*Inputs!$B$8))+Inputs!$B$18)+(1-C63)*(((INDEX(Inputs!$A$37:$C$37,1,1))*(Inputs!$B$25/14)*Inputs!$B$5+(INDEX(Inputs!$A$37:$C$37,1,2))*(Inputs!$B$25/14)*(Inputs!$B$10*Inputs!$B$6+(1-Inputs!$B$10)*Inputs!$B$7)+(INDEX(Inputs!$A$37:$C$37,1,3))*(Inputs!$B$25/14)*(Inputs!$B$11*Inputs!$B$9+(1-Inputs!$B$11)*Inputs!$B$8)))) -> 324.85928 | E63: =0 -> 0 | F63: =((INDEX(Inputs!$A$37:$C$37,1,1))*(Inputs!$B$25/14)*Inputs!$B$5+(INDEX(Inputs!$A$37:$C$37,1,2))*(Inputs!$B$25/14)*(Inputs!$B$10*Inputs!$B$6+(1-Inputs!$B$10)*Inputs!$B$7)+(INDEX(Inputs!$A$37:$C$37,1,3))*(Inputs!$B$25/14)*(Inputs!$B$11*Inputs!$B$9+(1-Inputs!$B$11)*Inputs!$B$8)) -> 327.59593
A64: 12 | B64: =A64<=Inputs!$B$17 -> FALSE | C64: =IF(A64=2,C63*(1-(Inputs!$B$22)),C63) -> 0.276 | D64: =IF(B64,C64*((VLOOKUP("50",Inputs!$A$29:$K$33,3,FALSE()))*(Inputs!$B$25/14)*Inputs!$B$5+(VLOOKUP("50",Inputs!$A$29:$K$33,4,FALSE()))*(Inputs!$B$25/14)*(Inputs!$B$10*Inputs!$B$6+(1-Inputs!$B$10)*Inputs!$B$7)+(VLOOKUP("50",Inputs!$A$29:$K$33,5,FALSE()))*(Inputs!$B$25/14)*(Inputs!$B$11*Inputs!$B$9+(1-Inputs!$B$11)*Inputs!$B$8))+(1-C64)*((VLOOKUP("50",Inputs!$A$29:$K$33,6,FALSE()))*(Inputs!$B$25/14)*Inputs!$B$5+(1)*(Inputs!$B$25/14)*(Inputs!$B$10*Inputs!$B$6+(1-Inputs!$B$10)*Inputs!$B$7)+(VLOOKUP("50",Inputs!$A$29:$K$33,8,FALSE()))*(Inputs!$B$25/14)*(Inputs!$B$11*Inputs!$B$9+(1-Inputs!$B$11)*Inputs!$B$8)),C64*(((VLOOKUP("50",Inputs!$A$29:$K$33,3,FALSE()))*(Inputs!$B$25/14)*Inputs!$B$5+(VLOOKUP("50",Inputs!$A$29:$K$33,4,FALSE()))*(Inputs!$B$25/14)*(Inputs!$B$10*Inputs!$B$6+(1-Inputs!$B$10)*Inputs!$B$7)+(VLOOKUP("50",Inputs!$A$29:$K$33,5,FALSE()))*(Inputs!$B$25/14)*(Inputs!$B$11*Inputs!$B$9+(1-Inputs!$B$11)*Inputs!$B$8))+Inputs!$B$18)+(1-C64)*(((INDEX(Inputs!$A$37:$C$37,1,1))*(Inputs!$B$25/14)*Inputs!$B$5+(INDEX(Inputs!$A$37:$C$37,1,2))*(Inputs!$B$25/14)*(Inputs!$B$10*Inputs!$B$6+(1-Inputs!$B$10)*Inputs!$B$7)+(INDEX(Inputs!$A$37:$C$37,1,3))*(Inputs!$B$25/14)*(Inputs!$B$11*Inputs!$B$9+(1-Inputs!$B$11)*Inputs!$B$8)))) -> 324.85928 | E64: =0 -> 0 | F64: =((INDEX(Inputs!$A$37:$C$37,1,1))*(Inputs!$B$25/14)*Inputs!$B$5+(INDEX(Inputs!$A$37:$C$37,1,2))*(Inputs!$B$25/14)*(Inputs!$B$10*Inputs!$B$6+(1-Inputs!$B$10)*Inputs!$B$7)+(INDEX(Inputs!$A$37:$C$37,1,3))*(Inputs!$B$25/14)*(Inputs!$B$11*Inputs!$B$9+(1-Inputs!$B$11)*Inputs!$B$8)) -> 327.59593
A65: Difference | D65: =SUM(D53:D64)-SUM(F53:F64) -> -703.4287
A67: Sumatriptan doses/14d — gCore non-resp. (on Tx) — UPPER bound (9.33)
A68: Cycle | B68: Free trial? | C68: gCore resp % | D68: gCore cost (£) | E68: SoC resp % | F68: SoC cost (£)
A69: 1 | B69: =A69<=Inputs!$B$17 -> TRUE | C69: =VLOOKUP("50",Inputs!$A$29:$K$33,2,FALSE()) -> 0.4 | D69: =IF(B69,C69*((VLOOKUP("50",Inputs!$A$29:$K$33,3,FALSE()))*(Inputs!$B$25/14)*Inputs!$B$5+(VLOOKUP("50",Inputs!$A$29:$K$33,4,FALSE()))*(Inputs!$B$25/14)*(Inputs!$B$10*Inputs!$B$6+(1-Inputs!$B$10)*Inputs!$B$7)+(VLOOKUP("50",Inputs!$A$29:$K$33,5,FALSE()))*(Inputs!$B$25/14)*(Inputs!$B$11*Inputs!$B$9+(1-Inputs!$B$11)*Inputs!$B$8))+(1-C69)*((VLOOKUP("50",Inputs!$A$29:$K$33,6,FALSE()))*(Inputs!$B$25/14)*Inputs!$B$5+(9.33)*(Inputs!$B$25/14)*(Inputs!$B$10*Inputs!$B$6+(1-Inputs!$B$10)*Inputs!$B$7)+(VLOOKUP("50",Inputs!$A$29:$K$33,8,FALSE()))*(Inputs!$B$25/14)*(Inputs!$B$11*Inputs!$B$9+(1-Inputs!$B$11)*Inputs!$B$8)),C69*(((VLOOKUP("50",Inputs!$A$29:$K$33,3,FALSE()))*(Inputs!$B$25/14)*Inputs!$B$5+(VLOOKUP("50",Inputs!$A$29:$K$33,4,FALSE()))*(Inputs!$B$25/14)*(Inputs!$B$10*Inputs!$B$6+(1-Inputs!$B$10)*Inputs!$B$7)+(VLOOKUP("50",Inputs!$A$29:$K$33,5,FALSE()))*(Inputs!$B$25/14)*(Inputs!$B$11*Inputs!$B$9+(1-Inputs!$B$11)*Inputs!$B$8))+Inputs!$B$18)+(1-C69)*(((INDEX(Inputs!$A$37:$C$37,1,1))*(Inputs!$B$25/14)*Inputs!$B$5+(INDEX(Inputs!$A$37:$C$37,1,2))*(Inputs!$B$25/14)*(Inputs!$B$10*Inputs!$B$6+(1-Inputs!$B$10)*Inputs!$B$7)+(INDEX(Inputs!$A$37:$C$37,1,3))*(Inputs!$B$25/14)*(Inputs!$B$11*Inputs!$B$9+(1-Inputs!$B$11)*Inputs!$B$8)))) -> 293.28998 | E69: =Inputs!$B$21 -> 0.083 | F69: =E69*((VLOOKUP("50",Inputs!$A$29:$K$33,3,FALSE()))*(Inputs!$B$25/14)*Inputs!$B$5+(VLOOKUP("50",Inputs!$A$29:$K$33,4,FALSE()))*(Inputs!$B$25/14)*(Inputs!$B$10*Inputs!$B$6+(1-Inputs!$B$10)*Inputs!$B$7)+(VLOOKUP("50",Inputs!$A$29:$K$33,5,FALSE()))*(Inputs!$B$25/14)*(Inputs!$B$11*Inputs!$B$9+(1-Inputs!$B$11)*Inputs!$B$8))+(1-E69)*((INDEX(Inputs!$A$37:$C$37,1,1))*(Inputs!$B$25/14)*Inputs!$B$5+(INDEX(Inputs!$A$37:$C$37,1,2))*(Inputs!$B$25/14)*(Inputs!$B$10*Inputs!$B$6+(1-Inputs!$B$10)*Inputs!$B$7)+(INDEX(Inputs!$A$37:$C$37,1,3))*(Inputs!$B$25/14)*(Inputs!$B$11*Inputs!$B$9+(1-Inputs!$B$11)*Inputs!$B$8)) -> 309.48129
A70: 2 | B70: =A70<=Inputs!$B$17 -> TRUE | C70: =IF(A70=2,C69*(1-(Inputs!$B$22)),C69) -> 0.276 | D70: =IF(B70,C70*((VLOOKUP("50",Inputs!$A$29:$K$33,3,FALSE()))*(Inputs!$B$25/14)*Inputs!$B$5+(VLOOKUP("50",Inputs!$A$29:$K$33,4,FALSE()))*(Inputs!$B$25/14)*(Inputs!$B$10*Inputs!$B$6+(1-Inputs!$B$10)*Inputs!$B$7)+(VLOOKUP("50",Inputs!$A$29:$K$33,5,FALSE()))*(Inputs!$B$25/14)*(Inputs!$B$11*Inputs!$B$9+(1-Inputs!$B$11)*Inputs!$B$8))+(1-C70)*((VLOOKUP("50",Inputs!$A$29:$K$33,6,FALSE()))*(Inputs!$B$25/14)*Inputs!$B$5+(9.33)*(Inputs!$B$25/14)*(Inputs!$B$10*Inputs!$B$6+(1-Inputs!$B$10)*Inputs!$B$7)+(VLOOKUP("50",Inputs!$A$29:$K$33,8,FALSE()))*(Inputs!$B$25/14)*(Inputs!$B$11*Inputs!$B$9+(1-Inputs!$B$11)*Inputs!$B$8)),C70*(((VLOOKUP("50",Inputs!$A$29:$K$33,3,FALSE()))*(Inputs!$B$25/14)*Inputs!$B$5+(VLOOKUP("50",Inputs!$A$29:$K$33,4,FALSE()))*(Inputs!$B$25/14)*(Inputs!$B$10*Inputs!$B$6+(1-Inputs!$B$10)*Inputs!$B$7)+(VLOOKUP("50",Inputs!$A$29:$K$33,5,FALSE()))*(Inputs!$B$25/14)*(Inputs!$B$11*Inputs!$B$9+(1-Inputs!$B$11)*Inputs!$B$8))+Inputs!$B$18)+(1-C70)*(((INDEX(Inputs!$A$37:$C$37,1,1))*(Inputs!$B$25/14)*Inputs!$B$5+(INDEX(Inputs!$A$37:$C$37,1,2))*(Inputs!$B$25/14)*(Inputs!$B$10*Inputs!$B$6+(1-Inputs!$B$10)*Inputs!$B$7)+(INDEX(Inputs!$A$37:$C$37,1,3))*(Inputs!$B$25/14)*(Inputs!$B$11*Inputs!$B$9+(1-Inputs!$B$11)*Inputs!$B$8)))) -> 331.30481 | E70: =0 -> 0 | F70: =((INDEX(Inputs!$A$37:$C$37,1,1))*(Inputs!$B$25/14)*Inputs!$B$5+(INDEX(Inputs!$A$37:$C$37,1,2))*(Inputs!$B$25/14)*(Inputs!$B$10*Inputs!$B$6+(1-Inputs!$B$10)*Inputs!$B$7)+(INDEX(Inputs!$A$37:$C$37,1,3))*(Inputs!$B$25/14)*(Inputs!$B$11*Inputs!$B$9+(1-Inputs!$B$11)*Inputs!$B$8)) -> 327.59593
A71: 3 | B71: =A71<=Inputs!$B$17 -> TRUE | C71: =IF(A71=2,C70*(1-(Inputs!$B$22)),C70) -> 0.276 | D71: =IF(B71,C71*((VLOOKUP("50",Inputs!$A$29:$K$33,3,FALSE()))*(Inputs!$B$25/14)*Inputs!$B$5+(VLOOKUP("50",Inputs!$A$29:$K$33,4,FALSE()))*(Inputs!$B$25/14)*(Inputs!$B$10*Inputs!$B$6+(1-Inputs!$B$10)*Inputs!$B$7)+(VLOOKUP("50",Inputs!$A$29:$K$33,5,FALSE()))*(Inputs!$B$25/14)*(Inputs!$B$11*Inputs!$B$9+(1-Inputs!$B$11)*Inputs!$B$8))+(1-C71)*((VLOOKUP("50",Inputs!$A$29:$K$33,6,FALSE()))*(Inputs!$B$25/14)*Inputs!$B$5+(9.33)*(Inputs!$B$25/14)*(Inputs!$B$10*Inputs!$B$6+(1-Inputs!$B$10)*Inputs!$B$7)+(VLOOKUP("50",Inputs!$A$29:$K$33,8,FALSE()))*(Inputs!$B$25/14)*(Inputs!$B$11*Inputs!$B$9+(1-Inputs!$B$11)*Inputs!$B$8)),C71*(((VLOOKUP("50",Inputs!$A$29:$K$33,3,FALSE()))*(Inputs!$B$25/14)*Inputs!$B$5+(VLOOKUP("50",Inputs!$A$29:$K$33,4,FALSE()))*(Inputs!$B$25/14)*(Inputs!$B$10*Inputs!$B$6+(1-Inputs!$B$10)*Inputs!$B$7)+(VLOOKUP("50",Inputs!$A$29:$K$33,5,FALSE()))*(Inputs!$B$25/14)*(Inputs!$B$11*Inputs!$B$9+(1-Inputs!$B$11)*Inputs!$B$8))+Inputs!$B$18)+(1-C71)*(((INDEX(Inputs!$A$37:$C$37,1,1))*(Inputs!$B$25/14)*Inputs!$B$5+(INDEX(Inputs!$A$37:$C$37,1,2))*(Inputs!$B$25/14)*(Inputs!$B$10*Inputs!$B$6+(1-Inputs!$B$10)*Inputs!$B$7)+(INDEX(Inputs!$A$37:$C$37,1,3))*(Inputs!$B$25/14)*(Inputs!$B$11*Inputs!$B$9+(1-Inputs!$B$11)*Inputs!$B$8)))) -> 331.30481 | E71: =0 -> 0 | F71: =((INDEX(Inputs!$A$37:$C$37,1,1))*(Inputs!$B$25/14)*Inputs!$B$5+(INDEX(Inputs!$A$37:$C$37,1,2))*(Inputs!$B$25/14)*(Inputs!$B$10*Inputs!$B$6+(1-Inputs!$B$10)*Inputs!$B$7)+(INDEX(Inputs!$A$37:$C$37,1,3))*(Inputs!$B$25/14)*(Inputs!$B$11*Inputs!$B$9+(1-Inputs!$B$11)*Inputs!$B$8)) -> 327.59593
A72: 4 | B72: =A72<=Inputs!$B$17 -> FALSE | C72: =IF(A72=2,C71*(1-(Inputs!$B$22)),C71) -> 0.276 | D72: =IF(B72,C72*((VLOOKUP("50",Inputs!$A$29:$K$33,3,FALSE()))*(Inputs!$B$25/14)*Inputs!$B$5+(VLOOKUP("50",Inputs!$A$29:$K$33,4,FALSE()))*(Inputs!$B$25/14)*(Inputs!$B$10*Inputs!$B$6+(1-Inputs!$B$10)*Inputs!$B$7)+(VLOOKUP("50",Inputs!$A$29:$K$33,5,FALSE()))*(Inputs!$B$25/14)*(Inputs!$B$11*Inputs!$B$9+(1-Inputs!$B$11)*Inputs!$B$8))+(1-C72)*((VLOOKUP("50",Inputs!$A$29:$K$33,6,FALSE()))*(Inputs!$B$25/14)*Inputs!$B$5+(9.33)*(Inputs!$B$25/14)*(Inputs!$B$10*Inputs!$B$6+(1-Inputs!$B$10)*Inputs!$B$7)+(VLOOKUP("50",Inputs!$A$29:$K$33,8,FALSE()))*(Inputs!$B$25/14)*(Inputs!$B$11*Inputs!$B$9+(1-Inputs!$B$11)*Inputs!$B$8)),C72*(((VLOOKUP("50",Inputs!$A$29:$K$33,3,FALSE()))*(Inputs!$B$25/14)*Inputs!$B$5+(VLOOKUP("50",Inputs!$A$29:$K$33,4,FALSE()))*(Inputs!$B$25/14)*(Inputs!$B$10*Inputs!$B$6+(1-Inputs!$B$10)*Inputs!$B$7)+(VLOOKUP("50",Inputs!$A$29:$K$33,5,FALSE()))*(Inputs!$B$25/14)*(Inputs!$B$11*Inputs!$B$9+(1-Inputs!$B$11)*Inputs!$B$8))+Inputs!$B$18)+(1-C72)*(((INDEX(Inputs!$A$37:$C$37,1,1))*(Inputs!$B$25/14)*Inputs!$B$5+(INDEX(Inputs!$A$37:$C$37,1,2))*(Inputs!$B$25/14)*(Inputs!$B$10*Inputs!$B$6+(1-Inputs!$B$10)*Inputs!$B$7)+(INDEX(Inputs!$A$37:$C$37,1,3))*(Inputs!$B$25/14)*(Inputs!$B$11*Inputs!$B$9+(1-Inputs!$B$11)*Inputs!$B$8)))) -> 324.85928 | E72: =0 -> 0 | F72: =((INDEX(Inputs!$A$37:$C$37,1,1))*(Inputs!$B$25/14)*Inputs!$B$5+(INDEX(Inputs!$A$37:$C$37,1,2))*(Inputs!$B$25/14)*(Inputs!$B$10*Inputs!$B$6+(1-Inputs!$B$10)*Inputs!$B$7)+(INDEX(Inputs!$A$37:$C$37,1,3))*(Inputs!$B$25/14)*(Inputs!$B$11*Inputs!$B$9+(1-Inputs!$B$11)*Inputs!$B$8)) -> 327.59593
A73: 5 | B73: =A73<=Inputs!$B$17 -> FALSE | C73: =IF(A73=2,C72*(1-(Inputs!$B$22)),C72) -> 0.276 | D73: =IF(B73,C73*((VLOOKUP("50",Inputs!$A$29:$K$33,3,FALSE()))*(Inputs!$B$25/14)*Inputs!$B$5+(VLOOKUP("50",Inputs!$A$29:$K$33,4,FALSE()))*(Inputs!$B$25/14)*(Inputs!$B$10*Inputs!$B$6+(1-Inputs!$B$10)*Inputs!$B$7)+(VLOOKUP("50",Inputs!$A$29:$K$33,5,FALSE()))*(Inputs!$B$25/14)*(Inputs!$B$11*Inputs!$B$9+(1-Inputs!$B$11)*Inputs!$B$8))+(1-C73)*((VLOOKUP("50",Inputs!$A$29:$K$33,6,FALSE()))*(Inputs!$B$25/14)*Inputs!$B$5+(9.33)*(Inputs!$B$25/14)*(Inputs!$B$10*Inputs!$B$6+(1-Inputs!$B$10)*Inputs!$B$7)+(VLOOKUP("50",Inputs!$A$29:$K$33,8,FALSE()))*(Inputs!$B$25/14)*(Inputs!$B$11*Inputs!$B$9+(1-Inputs!$B$11)*Inputs!$B$8)),C73*(((VLOOKUP("50",Inputs!$A$29:$K$33,3,FALSE()))*(Inputs!$B$25/14)*Inputs!$B$5+(VLOOKUP("50",Inputs!$A$29:$K$33,4,FALSE()))*(Inputs!$B$25/14)*(Inputs!$B$10*Inputs!$B$6+(1-Inputs!$B$10)*Inputs!$B$7)+(VLOOKUP("50",Inputs!$A$29:$K$33,5,FALSE()))*(Inputs!$B$25/14)*(Inputs!$B$11*Inputs!$B$9+(1-Inputs!$B$11)*Inputs!$B$8))+Inputs!$B$18)+(1-C73)*(((INDEX(Inputs!$A$37:$C$37,1,1))*(Inputs!$B$25/14)*Inputs!$B$5+(INDEX(Inputs!$A$37:$C$37,1,2))*(Inputs!$B$25/14)*(Inputs!$B$10*Inputs!$B$6+(1-Inputs!$B$10)*Inputs!$B$7)+(INDEX(Inputs!$A$37:$C$37,1,3))*(Inputs!$B$25/14)*(Inputs!$B$11*Inputs!$B$9+(1-Inputs!$B$11)*Inputs!$B$8)))) -> 324.85928 | E73: =0 -> 0 | F73: =((INDEX(Inputs!$A$37:$C$37,1,1))*(Inputs!$B$25/14)*Inputs!$B$5+(INDEX(Inputs!$A$37:$C$37,1,2))*(Inputs!$B$25/14)*(Inputs!$B$10*Inputs!$B$6+(1-Inputs!$B$10)*Inputs!$B$7)+(INDEX(Inputs!$A$37:$C$37,1,3))*(Inputs!$B$25/14)*(Inputs!$B$11*Inputs!$B$9+(1-Inputs!$B$11)*Inputs!$B$8)) -> 327.59593
A74: 6 | B74: =A74<=Inputs!$B$17 -> FALSE | C74: =IF(A74=2,C73*(1-(Inputs!$B$22)),C73) -> 0.276 | D74: =IF(B74,C74*((VLOOKUP("50",Inputs!$A$29:$K$33,3,FALSE()))*(Inputs!$B$25/14)*Inputs!$B$5+(VLOOKUP("50",Inputs!$A$29:$K$33,4,FALSE()))*(Inputs!$B$25/14)*(Inputs!$B$10*Inputs!$B$6+(1-Inputs!$B$10)*Inputs!$B$7)+(VLOOKUP("50",Inputs!$A$29:$K$33,5,FALSE()))*(Inputs!$B$25/14)*(Inputs!$B$11*Inputs!$B$9+(1-Inputs!$B$11)*Inputs!$B$8))+(1-C74)*((VLOOKUP("50",Inputs!$A$29:$K$33,6,FALSE()))*(Inputs!$B$25/14)*Inputs!$B$5+(9.33)*(Inputs!$B$25/14)*(Inputs!$B$10*Inputs!$B$6+(1-Inputs!$B$10)*Inputs!$B$7)+(VLOOKUP("50",Inputs!$A$29:$K$33,8,FALSE()))*(Inputs!$B$25/14)*(Inputs!$B$11*Inputs!$B$9+(1-Inputs!$B$11)*Inputs!$B$8)),C74*(((VLOOKUP("50",Inputs!$A$29:$K$33,3,FALSE()))*(Inputs!$B$25/14)*Inputs!$B$5+(VLOOKUP("50",Inputs!$A$29:$K$33,4,FALSE()))*(Inputs!$B$25/14)*(Inputs!$B$10*Inputs!$B$6+(1-Inputs!$B$10)*Inputs!$B$7)+(VLOOKUP("50",Inputs!$A$29:$K$33,5,FALSE()))*(Inputs!$B$25/14)*(Inputs!$B$11*Inputs!$B$9+(1-Inputs!$B$11)*Inputs!$B$8))+Inputs!$B$18)+(1-C74)*(((INDEX(Inputs!$A$37:$C$37,1,1))*(Inputs!$B$25/14)*Inputs!$B$5+(INDEX(Inputs!$A$37:$C$37,1,2))*(Inputs!$B$25/14)*(Inputs!$B$10*Inputs!$B$6+(1-Inputs!$B$10)*Inputs!$B$7)+(INDEX(Inputs!$A$37:$C$37,1,3))*(Inputs!$B$25/14)*(Inputs!$B$11*Inputs!$B$9+(1-Inputs!$B$11)*Inputs!$B$8)))) -> 324.85928 | E74: =0 -> 0 | F74: =((INDEX(Inputs!$A$37:$C$37,1,1))*(Inputs!$B$25/14)*Inputs!$B$5+(INDEX(Inputs!$A$37:$C$37,1,2))*(Inputs!$B$25/14)*(Inputs!$B$10*Inputs!$B$6+(1-Inputs!$B$10)*Inputs!$B$7)+(INDEX(Inputs!$A$37:$C$37,1,3))*(Inputs!$B$25/14)*(Inputs!$B$11*Inputs!$B$9+(1-Inputs!$B$11)*Inputs!$B$8)) -> 327.59593
A75: 7 | B75: =A75<=Inputs!$B$17 -> FALSE | C75: =IF(A75=2,C74*(1-(Inputs!$B$22)),C74) -> 0.276 | D75: =IF(B75,C75*((VLOOKUP("50",Inputs!$A$29:$K$33,3,FALSE()))*(Inputs!$B$25/14)*Inputs!$B$5+(VLOOKUP("50",Inputs!$A$29:$K$33,4,FALSE()))*(Inputs!$B$25/14)*(Inputs!$B$10*Inputs!$B$6+(1-Inputs!$B$10)*Inputs!$B$7)+(VLOOKUP("50",Inputs!$A$29:$K$33,5,FALSE()))*(Inputs!$B$25/14)*(Inputs!$B$11*Inputs!$B$9+(1-Inputs!$B$11)*Inputs!$B$8))+(1-C75)*((VLOOKUP("50",Inputs!$A$29:$K$33,6,FALSE()))*(Inputs!$B$25/14)*Inputs!$B$5+(9.33)*(Inputs!$B$25/14)*(Inputs!$B$10*Inputs!$B$6+(1-Inputs!$B$10)*Inputs!$B$7)+(VLOOKUP("50",Inputs!$A$29:$K$33,8,FALSE()))*(Inputs!$B$25/14)*(Inputs!$B$11*Inputs!$B$9+(1-Inputs!$B$11)*Inputs!$B$8)),C75*(((VLOOKUP("50",Inputs!$A$29:$K$33,3,FALSE()))*(Inputs!$B$25/14)*Inputs!$B$5+(VLOOKUP("50",Inputs!$A$29:$K$33,4,FALSE()))*(Inputs!$B$25/14)*(Inputs!$B$10*Inputs!$B$6+(1-Inputs!$B$10)*Inputs!$B$7)+(VLOOKUP("50",Inputs!$A$29:$K$33,5,FALSE()))*(Inputs!$B$25/14)*(Inputs!$B$11*Inputs!$B$9+(1-Inputs!$B$11)*Inputs!$B$8))+Inputs!$B$18)+(1-C75)*(((INDEX(Inputs!$A$37:$C$37,1,1))*(Inputs!$B$25/14)*Inputs!$B$5+(INDEX(Inputs!$A$37:$C$37,1,2))*(Inputs!$B$25/14)*(Inputs!$B$10*Inputs!$B$6+(1-Inputs!$B$10)*Inputs!$B$7)+(INDEX(Inputs!$A$37:$C$37,1,3))*(Inputs!$B$25/14)*(Inputs!$B$11*Inputs!$B$9+(1-Inputs!$B$11)*Inputs!$B$8)))) -> 324.85928 | E75: =0 -> 0 | F75: =((INDEX(Inputs!$A$37:$C$37,1,1))*(Inputs!$B$25/14)*Inputs!$B$5+(INDEX(Inputs!$A$37:$C$37,1,2))*(Inputs!$B$25/14)*(Inputs!$B$10*Inputs!$B$6+(1-Inputs!$B$10)*Inputs!$B$7)+(INDEX(Inputs!$A$37:$C$37,1,3))*(Inputs!$B$25/14)*(Inputs!$B$11*Inputs!$B$9+(1-Inputs!$B$11)*Inputs!$B$8)) -> 327.59593
A76: 8 | B76: =A76<=Inputs!$B$17 -> FALSE | C76: =IF(A76=2,C75*(1-(Inputs!$B$22)),C75) -> 0.276 | D76: =IF(B76,C76*((VLOOKUP("50",Inputs!$A$29:$K$33,3,FALSE()))*(Inputs!$B$25/14)*Inputs!$B$5+(VLOOKUP("50",Inputs!$A$29:$K$33,4,FALSE()))*(Inputs!$B$25/14)*(Inputs!$B$10*Inputs!$B$6+(1-Inputs!$B$10)*Inputs!$B$7)+(VLOOKUP("50",Inputs!$A$29:$K$33,5,FALSE()))*(Inputs!$B$25/14)*(Inputs!$B$11*Inputs!$B$9+(1-Inputs!$B$11)*Inputs!$B$8))+(1-C76)*((VLOOKUP("50",Inputs!$A$29:$K$33,6,FALSE()))*(Inputs!$B$25/14)*Inputs!$B$5+(9.33)*(Inputs!$B$25/14)*(Inputs!$B$10*Inputs!$B$6+(1-Inputs!$B$10)*Inputs!$B$7)+(VLOOKUP("50",Inputs!$A$29:$K$33,8,FALSE()))*(Inputs!$B$25/14)*(Inputs!$B$11*Inputs!$B$9+(1-Inputs!$B$11)*Inputs!$B$8)),C76*(((VLOOKUP("50",Inputs!$A$29:$K$33,3,FALSE()))*(Inputs!$B$25/14)*Inputs!$B$5+(VLOOKUP("50",Inputs!$A$29:$K$33,4,FALSE()))*(Inputs!$B$25/14)*(Inputs!$B$10*Inputs!$B$6+(1-Inputs!$B$10)*Inputs!$B$7)+(VLOOKUP("50",Inputs!$A$29:$K$33,5,FALSE()))*(Inputs!$B$25/14)*(Inputs!$B$11*Inputs!$B$9+(1-Inputs!$B$11)*Inputs!$B$8))+Inputs!$B$18)+(1-C76)*(((INDEX(Inputs!$A$37:$C$37,1,1))*(Inputs!$B$25/14)*Inputs!$B$5+(INDEX(Inputs!$A$37:$C$37,1,2))*(Inputs!$B$25/14)*(Inputs!$B$10*Inputs!$B$6+(1-Inputs!$B$10)*Inputs!$B$7)+(INDEX(Inputs!$A$37:$C$37,1,3))*(Inputs!$B$25/14)*(Inputs!$B$11*Inputs!$B$9+(1-Inputs!$B$11)*Inputs!$B$8)))) -> 324.85928 | E76: =0 -> 0 | F76: =((INDEX(Inputs!$A$37:$C$37,1,1))*(Inputs!$B$25/14)*Inputs!$B$5+(INDEX(Inputs!$A$37:$C$37,1,2))*(Inputs!$B$25/14)*(Inputs!$B$10*Inputs!$B$6+(1-Inputs!$B$10)*Inputs!$B$7)+(INDEX(Inputs!$A$37:$C$37,1,3))*(Inputs!$B$25/14)*(Inputs!$B$11*Inputs!$B$9+(1-Inputs!$B$11)*Inputs!$B$8)) -> 327.59593
A77: 9 | B77: =A77<=Inputs!$B$17 -> FALSE | C77: =IF(A77=2,C76*(1-(Inputs!$B$22)),C76) -> 0.276 | D77: =IF(B77,C77*((VLOOKUP("50",Inputs!$A$29:$K$33,3,FALSE()))*(Inputs!$B$25/14)*Inputs!$B$5+(VLOOKUP("50",Inputs!$A$29:$K$33,4,FALSE()))*(Inputs!$B$25/14)*(Inputs!$B$10*Inputs!$B$6+(1-Inputs!$B$10)*Inputs!$B$7)+(VLOOKUP("50",Inputs!$A$29:$K$33,5,FALSE()))*(Inputs!$B$25/14)*(Inputs!$B$11*Inputs!$B$9+(1-Inputs!$B$11)*Inputs!$B$8))+(1-C77)*((VLOOKUP("50",Inputs!$A$29:$K$33,6,FALSE()))*(Inputs!$B$25/14)*Inputs!$B$5+(9.33)*(Inputs!$B$25/14)*(Inputs!$B$10*Inputs!$B$6+(1-Inputs!$B$10)*Inputs!$B$7)+(VLOOKUP("50",Inputs!$A$29:$K$33,8,FALSE()))*(Inputs!$B$25/14)*(Inputs!$B$11*Inputs!$B$9+(1-Inputs!$B$11)*Inputs!$B$8)),C77*(((VLOOKUP("50",Inputs!$A$29:$K$33,3,FALSE()))*(Inputs!$B$25/14)*Inputs!$B$5+(VLOOKUP("50",Inputs!$A$29:$K$33,4,FALSE()))*(Inputs!$B$25/14)*(Inputs!$B$10*Inputs!$B$6+(1-Inputs!$B$10)*Inputs!$B$7)+(VLOOKUP("50",Inputs!$A$29:$K$33,5,FALSE()))*(Inputs!$B$25/14)*(Inputs!$B$11*Inputs!$B$9+(1-Inputs!$B$11)*Inputs!$B$8))+Inputs!$B$18)+(1-C77)*(((INDEX(Inputs!$A$37:$C$37,1,1))*(Inputs!$B$25/14)*Inputs!$B$5+(INDEX(Inputs!$A$37:$C$37,1,2))*(Inputs!$B$25/14)*(Inputs!$B$10*Inputs!$B$6+(1-Inputs!$B$10)*Inputs!$B$7)+(INDEX(Inputs!$A$37:$C$37,1,3))*(Inputs!$B$25/14)*(Inputs!$B$11*Inputs!$B$9+(1-Inputs!$B$11)*Inputs!$B$8)))) -> 324.85928 | E77: =0 -> 0 | F77: =((INDEX(Inputs!$A$37:$C$37,1,1))*(Inputs!$B$25/14)*Inputs!$B$5+(INDEX(Inputs!$A$37:$C$37,1,2))*(Inputs!$B$25/14)*(Inputs!$B$10*Inputs!$B$6+(1-Inputs!$B$10)*Inputs!$B$7)+(INDEX(Inputs!$A$37:$C$37,1,3))*(Inputs!$B$25/14)*(Inputs!$B$11*Inputs!$B$9+(1-Inputs!$B$11)*Inputs!$B$8)) -> 327.59593
